"survey_person","Gender","Age","Education","Income","CSPgroup","class_nat","survey_id","journey_duration2","journey_duration3","main_vehicule","Perso_relation_nature"
"672984_135","Woman",3,4,6,"plus",3,672984,30,2,"indiv_motor",5
"672984_367","Woman",4,1,2,"retired",3,672984,35,3,"indiv_motor",5
"672984_424","Woman",4,4,6,"plus",3,672984,65,5,"indiv_motor",6
"672984_146","Woman",3,2,1,"minus",3,672984,30,2,"indiv_no_motor",5
"355435_650","Woman",4,2,8,"retired",3,355435,70,5,"indiv_no_motor",6
"355435_20","Man",3,4,10,"plus",3,355435,75,5,"indiv_motor",5
"672984_501","Woman",2,2,7,"inactive",3,672984,5,1,"indiv_motor",3
"672984_455","Woman",3,2,6,"plus",3,672984,NA,6,"indiv_no_motor",7
"355435_850","Man",2,4,10,"plus",2,355435,40,3,"indiv_motor",1
"355435_1001","Man",4,1,6,"retired",2,355435,30,2,"indiv_no_motor",5
"355435_980","Woman",4,2,5,"retired",2,355435,40,3,"indiv_no_motor",6
"355435_1214","Woman",4,4,4,"retired",2,355435,45,4,"indiv_motor",2
"355435_1314","Man",4,2,8,"retired",2,355435,45,4,"indiv_no_motor",4
"355435_966","Man",4,4,6,"retired",2,355435,70,5,"indiv_no_motor",4
"355435_1205","Woman",4,4,5,"retired",2,355435,35,3,"indiv_no_motor",4
"355435_1029","Man",4,1,2,"retired",2,355435,40,3,"indiv_motor",6
"355435_1329","Woman",4,1,2,"retired",2,355435,30,2,"indiv_no_motor",5
"672984_362","Woman",3,1,2,"minus",3,672984,56,4,"indiv_no_motor",5
"672984_1088","Man",2,2,6,"minus",3,672984,15,1,"indiv_no_motor",4
"672984_1813","Man",4,1,4,"retired",3,672984,75,5,"indiv_motor",7
"672984_406","Woman",3,2,4,"minus",3,672984,75,5,"indiv_motor",4
"672984_97","Woman",2,2,5,"inactive",3,672984,143,6,"indiv_no_motor",4
"672984_738","Woman",2,4,9,"plus",3,672984,40,3,"indiv_motor",4
"672984_836","Woman",1,4,6,"minus",3,672984,45,4,"commun",4
"672984_73","Woman",4,1,4,"minus",3,672984,30,2,"indiv_motor",3
"355435_624","Man",4,1,7,"retired",3,355435,180,6,"indiv_motor",5
"672984_657","Man",3,4,7,"plus",3,672984,25,2,"indiv_motor",4
"672984_1061","Woman",3,1,1,"inactive",3,672984,20,1,"indiv_motor",4
"355435_604","Woman",3,1,5,"minus",3,355435,40,3,"indiv_motor",5
"672984_743","Woman",3,2,3,"minus",3,672984,40,3,"indiv_motor",5
"672984_700","Woman",3,2,8,"retired",3,672984,30,2,"indiv_motor",3
"672984_370","Woman",4,2,7,"retired",3,672984,40,3,"indiv_motor",5
"672984_1067","Man",2,4,8,"plus",3,672984,30,2,"indiv_motor",4
"672984_627","Woman",2,2,8,"minus",3,672984,40,3,"indiv_no_motor",2
"672984_453","Woman",3,2,5,"inactive",3,672984,50,4,"indiv_motor",4
"672984_204","Woman",2,2,7,"minus",3,672984,15,1,"indiv_motor",3
"355435_341","Man",4,4,8,"retired",3,355435,105,6,"indiv_no_motor",5
"355435_172","Man",3,1,5,"plus",3,355435,15,1,"indiv_motor",5
"672984_1485","Woman",4,1,4,"retired",3,672984,80,5,"indiv_motor",5
"672984_508","Woman",3,2,4,"minus",3,672984,40,3,"indiv_motor",5
"672984_507","Woman",1,1,7,"inactive",3,672984,80,5,"indiv_no_motor",3
"672984_427","Woman",2,2,7,"plus",3,672984,30,2,"indiv_motor",7
"672984_34","Man",4,2,9,"minus",3,672984,80,5,"indiv_motor",6
"355435_141","Woman",3,3,5,"plus",3,355435,45,4,"indiv_no_motor",5
"672984_1950","Woman",4,NA,NA,"retired",3,672984,120,6,"indiv_motor",NA
"672984_291","Woman",3,1,9,"minus",3,672984,20,1,"indiv_motor",6
"355435_392","Woman",3,2,1,"inactive",3,355435,60,4,"indiv_motor",6
"355435_1597","Woman",2,2,8,"minus",3,355435,18,1,"indiv_motor",3
"355435_1426","Woman",2,1,7,"inactive",3,355435,31,3,"commun",1
"672984_724","Woman",3,1,5,"plus",3,672984,100,6,"indiv_motor",4
"672984_54","Man",3,1,4,"plus",3,672984,30,2,"indiv_motor",4
"672984_157","Man",4,1,6,"retired",3,672984,15,1,"indiv_motor",6
"672984_701","Woman",4,2,4,"retired",3,672984,30,2,"indiv_motor",5
"672984_76","Man",3,2,1,"plus",3,672984,30,2,"indiv_motor",6
"672984_38","Man",3,4,9,"plus",3,672984,35,3,"indiv_motor",5
"672984_690","Woman",4,4,1,"retired",3,672984,9,1,"indiv_motor",5
"672984_412","Man",3,1,6,"minus",2,672984,120,6,"indiv_no_motor",4
"672984_254","Woman",1,2,8,"plus",2,672984,NA,6,"indiv_no_motor",2
"355435_155","Woman",3,1,4,"minus",3,355435,25,2,"indiv_motor",6
"355435_1335","Woman",4,2,8,"retired",2,355435,50,4,"indiv_no_motor",6
"672984_992","Man",2,2,8,"minus",2,672984,15,1,"indiv_motor",6
"355435_1361","Woman",2,2,8,"minus",2,355435,18,1,"indiv_motor",4
"355435_1824","Woman",2,2,5,"minus",2,355435,70,5,"commun",4
"672984_25","Woman",2,4,6,"minus",1,672984,15,1,"indiv_no_motor",3
"355435_1294","Woman",4,4,5,"retired",2,355435,45,4,"indiv_motor",5
"672984_931","Man",3,2,7,"plus",2,672984,110,6,"indiv_motor",5
"672984_1206","Woman",2,4,6,"plus",3,672984,150,6,"indiv_motor",5
"355435_945","Man",3,4,7,"plus",1,355435,5,1,"indiv_no_motor",5
"672984_1226","Man",1,2,1,"inactive",1,672984,30,2,"commun",6
"672984_1146","Woman",1,1,1,"inactive",1,672984,45,4,"commun",5
"355435_752","Man",3,1,2,"minus",1,355435,57,4,"indiv_no_motor",5
"355435_728","Man",3,1,8,"minus",1,355435,45,4,"indiv_no_motor",6
"672984_1156","Woman",1,2,3,"minus",1,672984,7,1,"indiv_motor",3
"672984_286","Man",3,4,10,"plus",2,672984,NA,6,"indiv_motor",6
"355435_1015","Man",4,2,7,"retired",2,355435,NA,6,"indiv_no_motor",5
"355435_1183","Man",4,1,6,"retired",2,355435,30,2,"indiv_no_motor",2
"355435_1144","Woman",4,4,6,"retired",2,355435,60,4,"commun",3
"672984_1619","Man",1,1,2,"inactive",2,672984,45,4,"commun",4
"672984_441","Woman",2,2,6,"plus",3,672984,20,1,"indiv_motor",4
"355435_658","Man",2,4,6,"minus",2,355435,90,5,"indiv_no_motor",3
"672984_364","Woman",2,4,8,"plus",3,672984,60,4,"indiv_motor",3
"672984_193","Man",3,1,5,"minus",3,672984,47,4,"indiv_motor",4
"355435_1195","Man",4,1,6,"retired",1,355435,30,2,"indiv_motor",6
"355435_1681","Woman",1,2,5,"minus",3,355435,20,1,"indiv_motor",2
"355435_1719","Woman",2,1,6,"plus",3,355435,30,2,"indiv_no_motor",2
"672984_197","Man",3,2,7,"plus",3,672984,25,2,"indiv_motor",3
"672984_88","Woman",3,4,10,"plus",3,672984,15,1,"indiv_motor",6
"672984_383","Man",3,1,6,"minus",3,672984,70,5,"indiv_motor",6
"672984_564","Man",4,1,8,"retired",3,672984,40,3,"indiv_motor",5
"672984_670","Woman",1,2,8,"minus",3,672984,80,5,"indiv_motor",6
"672984_340","Woman",1,4,9,"inactive",3,672984,40,3,"commun",4
"672984_519","Man",3,1,1,"retired",3,672984,5,1,"indiv_motor",4
"355435_486","Man",3,4,10,"plus",3,355435,30,2,"indiv_motor",6
"355435_1083","Man",4,1,6,"retired",3,355435,60,4,"indiv_motor",5
"355435_720","Man",2,2,2,"plus",3,355435,15,1,"indiv_motor",6
"672984_17","Woman",4,2,6,"retired",3,672984,140,6,"indiv_motor",7
"355435_281","Man",3,2,8,"plus",3,355435,35,3,"indiv_motor",3
"355435_262","Woman",3,1,5,"minus",3,355435,42,4,"indiv_motor",4
"355435_480","Woman",2,2,8,"plus",3,355435,20,1,"indiv_no_motor",3
"355435_271","Man",3,1,10,"plus",3,355435,45,4,"indiv_motor",5
"355435_594","Man",3,1,8,"retired",3,355435,17,1,"indiv_no_motor",6
"672984_360","Woman",3,2,8,"minus",3,672984,20,1,"indiv_no_motor",5
"672984_650","Woman",1,1,4,"minus",3,672984,70,5,"indiv_motor",2
"672984_814","Man",3,4,10,"plus",2,672984,35,3,"indiv_motor",3
"672984_189","Man",4,4,8,"retired",2,672984,15,1,"indiv_no_motor",4
"672984_995","Man",3,1,1,"plus",2,672984,46,4,"indiv_no_motor",4
"672984_1012","Woman",1,2,7,"plus",2,672984,30,2,"indiv_no_motor",5
"672984_1975","Man",1,1,6,"inactive",2,672984,17,1,"commun",4
"672984_913","Man",3,1,4,"minus",1,672984,10,1,"indiv_motor",4
"672984_1140","Man",1,4,10,"plus",1,672984,25,2,"indiv_no_motor",5
"355435_793","Man",3,1,4,"minus",1,355435,10,1,"indiv_motor",4
"672984_1053","Woman",1,1,4,"minus",1,672984,45,4,"commun",4
"355435_743","Man",3,4,6,"plus",1,355435,10,1,"indiv_motor",4
"672984_926","Woman",1,4,9,"plus",1,672984,40,3,"indiv_motor",3
"672984_812","Man",2,4,9,"plus",1,672984,18,1,"indiv_motor",4
"672984_1120","Man",2,2,7,"minus",2,672984,60,4,"commun",4
"355435_1056","Woman",4,1,6,"retired",2,355435,20,1,"indiv_motor",5
"672984_1125","Woman",1,4,4,"plus",2,672984,45,4,"commun",3
"672984_1191","Man",1,1,3,"minus",1,672984,15,1,"indiv_motor",4
"355435_754","Man",3,4,6,"plus",1,355435,60,4,"indiv_motor",3
"355435_800","Man",3,2,7,"plus",1,355435,110,6,"indiv_motor",4
"672984_1007","Woman",1,1,10,"inactive",1,672984,50,4,"indiv_no_motor",4
"672984_1027","Man",3,1,3,"plus",1,672984,105,6,"indiv_no_motor",7
"355435_1042","Man",4,2,7,"retired",2,355435,60,4,"indiv_motor",3
"672984_317","Woman",3,2,5,"plus",3,672984,20,1,"indiv_no_motor",5
"355435_717","Man",3,4,9,"plus",1,355435,13,1,"indiv_motor",5
"672984_754","Woman",4,2,3,"retired",3,672984,20,1,"indiv_motor",5
"672984_253","Man",2,2,9,"plus",3,672984,25,2,"indiv_motor",4
"672984_1086","Woman",1,2,6,"minus",1,672984,65,5,"commun",5
"672984_551","Man",4,2,5,"retired",3,672984,70,5,"indiv_motor",5
"672984_1225","Man",3,4,1,"inactive",3,672984,60,4,"indiv_motor",4
"672984_15","Man",3,4,9,"plus",3,672984,15,1,"indiv_motor",5
"672984_656","Woman",2,1,8,"minus",3,672984,50,4,"indiv_motor",4
"672984_1229","Woman",3,1,5,"minus",3,672984,55,4,"indiv_motor",5
"672984_471","Woman",2,4,6,"minus",3,672984,90,5,"indiv_motor",5
"355435_1037","Woman",1,4,8,"minus",1,355435,60,4,"commun",6
"355435_410","Man",4,2,6,"retired",3,355435,15,1,"indiv_no_motor",7
"355435_589","Woman",3,4,4,"plus",3,355435,70,5,"indiv_motor",6
"672984_691","Man",2,1,6,"minus",3,672984,45,4,"indiv_motor",2
"355435_461","Woman",3,1,1,"inactive",3,355435,20,1,"indiv_motor",6
"672984_332","Woman",3,2,9,"plus",3,672984,20,1,"indiv_motor",3
"672984_1585","Woman",4,4,9,"retired",3,672984,90,5,"indiv_motor",4
"355435_577","Woman",3,4,10,"plus",3,355435,10,1,"indiv_motor",4
"672984_1137","Man",3,4,10,"plus",3,672984,30,2,"indiv_motor",5
"672984_762","Woman",2,4,3,"minus",3,672984,60,4,"indiv_motor",2
"672984_468","Woman",4,2,2,"minus",3,672984,45,4,"indiv_motor",4
"672984_105","Woman",2,4,8,"plus",3,672984,65,5,"indiv_motor",5
"672984_528","Woman",1,4,9,"plus",3,672984,90,5,"indiv_motor",4
"355435_584","Woman",3,4,6,"plus",3,355435,60,4,"indiv_motor",5
"672984_906","Woman",4,1,3,"retired",3,672984,15,1,"indiv_motor",7
"672984_1056","Woman",3,2,7,"plus",3,672984,35,3,"indiv_motor",5
"355435_751","Man",3,3,5,"plus",1,355435,15,1,"indiv_no_motor",7
"672984_452","Woman",3,2,7,"minus",3,672984,75,5,"indiv_motor",4
"355435_841","Man",3,2,7,"plus",1,355435,30,2,"commun",6
"355435_510","Woman",2,2,9,"plus",1,355435,45,4,"indiv_no_motor",5
"672984_982","Woman",1,4,8,"plus",1,672984,65,5,"indiv_motor",5
"672984_844","Woman",1,1,2,"minus",2,672984,20,1,"indiv_motor",7
"672984_979","Woman",1,4,4,"plus",1,672984,65,5,"indiv_motor",3
"672984_187","Woman",2,3,4,"plus",3,672984,27,2,"indiv_no_motor",2
"672984_1008","Woman",2,2,8,"minus",3,672984,70,5,"indiv_motor",4
"355435_1725","Woman",2,4,4,"plus",1,355435,15,1,"indiv_motor",4
"672984_975","Man",3,2,6,"plus",1,672984,90,5,"indiv_motor",5
"672984_129","Woman",4,2,9,"retired",3,672984,60,4,"indiv_motor",4
"672984_208","Woman",3,2,3,"minus",3,672984,30,2,"indiv_no_motor",5
"672984_567","Woman",2,1,1,"minus",3,672984,75,5,"commun",3
"672984_169","Man",4,1,4,"retired",3,672984,5,1,"commun",7
"672984_43","Woman",1,1,3,"plus",3,672984,25,2,"indiv_motor",2
"672984_751","Woman",2,1,2,"minus",3,672984,35,3,"indiv_motor",4
"672984_640","Woman",2,2,4,"plus",3,672984,25,2,"indiv_no_motor",5
"672984_714","Man",2,4,9,"plus",3,672984,125,6,"indiv_motor",5
"355435_176","Woman",3,2,2,"inactive",1,355435,10,1,"indiv_motor",5
"672984_1011","Woman",1,4,7,"plus",1,672984,60,4,"indiv_motor",4
"672984_141","Man",3,2,4,"plus",2,672984,160,6,"indiv_motor",4
"355435_1321","Man",4,2,6,"retired",2,355435,18,1,"indiv_no_motor",4
"355435_1150","Man",4,2,8,"retired",2,355435,60,4,"commun",3
"672984_884","Man",3,2,4,"plus",2,672984,125,6,"commun",4
"672984_1293","Man",2,3,4,"minus",2,672984,16,1,"commun",2
"672984_590","Man",4,1,6,"retired",3,672984,25,2,"indiv_motor",6
"355435_656","Man",4,4,8,"retired",3,355435,55,4,"indiv_motor",5
"672984_652","Man",3,4,9,"plus",3,672984,75,5,"indiv_motor",5
"355435_792","Man",3,1,4,"minus",1,355435,105,6,"commun",4
"355435_948","Man",3,4,9,"plus",1,355435,45,4,"indiv_no_motor",6
"672984_897","Man",3,4,6,"plus",1,672984,25,2,"indiv_motor",4
"355435_837","Man",2,1,2,"minus",1,355435,9,1,"indiv_motor",2
"355435_718","Man",3,2,5,"plus",1,355435,60,4,"indiv_motor",5
"672984_929","Man",3,2,3,"minus",1,672984,100,6,"indiv_motor",5
"672984_1059","Man",3,1,5,"plus",2,672984,20,1,"indiv_motor",5
"355435_1193","Man",4,1,9,"retired",2,355435,10,1,"indiv_motor",5
"355435_1016","Woman",4,1,5,"retired",2,355435,35,3,"indiv_motor",7
"355435_1262","Woman",4,4,8,"retired",2,355435,80,5,"indiv_motor",6
"672984_997","Woman",1,4,3,"plus",2,672984,30,2,"indiv_motor",5
"672984_702","Woman",2,4,8,"plus",3,672984,45,4,"indiv_motor",7
"672984_789","Woman",1,4,8,"plus",1,672984,65,5,"indiv_motor",5
"672984_1242","Man",2,4,10,"plus",1,672984,55,4,"indiv_motor",5
"672984_888","Woman",1,2,8,"plus",1,672984,55,4,"indiv_motor",5
"355435_735","Man",3,4,10,"plus",1,355435,135,6,"indiv_no_motor",6
"355435_907","Man",3,2,6,"plus",1,355435,35,3,"indiv_motor",5
"672984_696","Man",3,2,6,"inactive",1,672984,40,3,"indiv_motor",6
"355435_731","Man",2,4,6,"plus",1,355435,50,4,"indiv_motor",4
"672984_835","Man",2,1,6,"minus",1,672984,70,5,"commun",5
"355435_1274","Man",2,1,2,"minus",1,355435,75,5,"indiv_no_motor",1
"672984_883","Woman",1,1,1,"inactive",1,672984,60,4,"indiv_no_motor",3
"355435_17","Man",3,2,7,"minus",1,355435,65,5,"commun",5
"672984_970","Man",3,2,3,"minus",1,672984,30,2,"indiv_no_motor",5
"672984_139","Woman",2,1,5,"minus",3,672984,20,1,"indiv_motor",5
"355435_689","Man",3,1,8,"plus",3,355435,55,4,"indiv_motor",5
"672984_594","Woman",3,4,8,"minus",3,672984,30,2,"indiv_no_motor",5
"672984_1114","Man",2,1,9,"minus",1,672984,85,5,"indiv_no_motor",3
"672984_924","Man",2,4,10,"plus",1,672984,45,4,"indiv_motor",3
"672984_819","Man",1,2,5,"inactive",1,672984,40,3,"indiv_no_motor",3
"355435_831","Man",2,2,5,"minus",1,355435,10,1,"indiv_no_motor",5
"355435_767","Man",3,1,2,"plus",1,355435,35,3,"indiv_no_motor",4
"672984_1042","Woman",1,4,7,"minus",1,672984,80,5,"indiv_no_motor",5
"355435_896","Man",3,4,10,"plus",1,355435,45,4,"indiv_no_motor",4
"355435_1081","Man",4,1,4,"retired",2,355435,30,2,"indiv_motor",4
"672984_990","Man",3,4,9,"plus",2,672984,45,4,"indiv_motor",4
"355435_1151","Man",4,4,8,"retired",2,355435,45,4,"commun",4
"355435_732","Man",3,4,10,"plus",2,355435,40,3,"commun",4
"355435_640","Man",4,4,9,"retired",2,355435,30,2,"indiv_motor",4
"355435_1225","Woman",4,4,2,"retired",2,355435,50,4,"indiv_motor",5
"355435_1022","Man",4,4,9,"retired",2,355435,90,5,"commun",5
"355435_1192","Woman",4,1,5,"retired",2,355435,0,1,"indiv_no_motor",4
"355435_1157","Man",4,2,7,"retired",2,355435,25,2,"indiv_no_motor",5
"355435_1064","Woman",4,2,6,"retired",2,355435,100,6,"indiv_motor",7
"355435_982","Woman",4,1,8,"retired",2,355435,5,1,"indiv_motor",5
"355435_851","Man",3,1,8,"plus",1,355435,50,4,"indiv_motor",5
"355435_1677","Woman",2,4,5,"plus",1,355435,10,1,"indiv_no_motor",6
"355435_833","Woman",4,1,3,"retired",3,355435,55,4,"indiv_no_motor",4
"355435_1061","Woman",4,1,7,"retired",2,355435,120,6,"indiv_no_motor",5
"672984_1729","Man",1,4,1,"inactive",2,672984,75,5,"commun",4
"355435_591","Man",4,1,3,"retired",3,355435,30,2,"indiv_motor",4
"672984_27","Man",4,2,10,"plus",3,672984,60,4,"indiv_motor",4
"672984_119","Woman",3,NA,NA,"minus",2,672984,20,1,"indiv_no_motor",NA
"355435_1092","Man",4,4,8,"retired",2,355435,50,4,"indiv_motor",3
"672984_221","Woman",2,4,10,"minus",3,672984,120,6,"indiv_motor",4
"672984_612","Woman",3,2,9,"inactive",3,672984,75,5,"indiv_motor",4
"672984_741","Man",2,4,4,"plus",3,672984,36,3,"indiv_motor",3
"672984_377","Woman",2,1,4,"minus",3,672984,NA,6,"indiv_motor",4
"672984_749","Man",4,1,7,"retired",3,672984,60,4,"indiv_no_motor",4
"672984_245","Man",3,2,7,"plus",3,672984,30,2,"indiv_no_motor",5
"672984_785","Woman",3,1,4,"inactive",3,672984,10,1,"indiv_motor",4
"672984_228","Man",4,1,6,"retired",3,672984,40,3,"indiv_no_motor",4
"672984_560","Man",4,2,9,"retired",3,672984,100,6,"indiv_no_motor",3
"672984_499","Woman",4,2,2,"inactive",3,672984,45,4,"indiv_motor",5
"672984_462","Woman",4,1,1,"retired",3,672984,30,2,"indiv_motor",5
"672984_757","Woman",3,4,6,"plus",3,672984,28,2,"indiv_motor",4
"355435_561","Woman",2,1,1,"minus",3,355435,69,5,"indiv_no_motor",2
"672984_570","Woman",2,4,5,"plus",3,672984,25,2,"indiv_no_motor",4
"672984_1039","Woman",3,1,2,"inactive",3,672984,15,1,"indiv_motor",6
"355435_628","Woman",4,1,2,"retired",3,355435,60,4,"indiv_motor",5
"672984_505","Woman",3,4,8,"inactive",3,672984,20,1,"indiv_motor",5
"672984_203","Woman",4,1,6,"retired",3,672984,60,4,"indiv_no_motor",4
"672984_628","Woman",4,2,10,"retired",3,672984,20,1,"indiv_no_motor",6
"672984_585","Man",2,2,9,"plus",3,672984,45,4,"indiv_motor",5
"672984_611","Man",2,4,6,"plus",3,672984,180,6,"indiv_motor",6
"672984_722","Woman",3,1,4,"plus",3,672984,15,1,"indiv_no_motor",6
"672984_257","Man",2,2,9,"plus",3,672984,NA,6,"indiv_motor",4
"672984_502","Man",2,4,9,"minus",3,672984,NA,6,"indiv_no_motor",2
"672984_330","Man",3,2,10,"plus",3,672984,50,4,"indiv_motor",5
"355435_666","Woman",4,2,8,"retired",3,355435,40,3,"indiv_motor",7
"355435_105","Woman",4,4,5,"plus",3,355435,95,6,"indiv_motor",5
"355435_765","Man",3,4,6,"plus",3,355435,105,6,"indiv_motor",4
"672984_708","Woman",2,1,2,"minus",3,672984,10,1,"indiv_motor",5
"672984_256","Woman",1,1,10,"plus",3,672984,29,2,"commun",6
"672984_359","Woman",1,4,6,"plus",3,672984,67,5,"indiv_no_motor",4
"672984_666","Woman",3,1,2,"minus",3,672984,10,1,"indiv_motor",5
"672984_912","Woman",2,4,7,"minus",3,672984,35,3,"indiv_motor",4
"355435_654","Woman",4,2,5,"retired",3,355435,70,5,"indiv_no_motor",5
"672984_410","Man",4,1,2,"retired",3,672984,90,5,"indiv_no_motor",3
"672984_765","Man",2,2,5,"plus",3,672984,28,2,"indiv_no_motor",3
"355435_1744","Woman",2,4,4,"minus",3,355435,15,1,"indiv_motor",3
"672984_235","Woman",2,4,4,"minus",3,672984,100,6,"indiv_motor",5
"672984_562","Woman",2,1,3,"plus",3,672984,120,6,"indiv_no_motor",2
"355435_747","Man",3,2,9,"plus",3,355435,5,1,"indiv_motor",5
"355435_699","Man",4,4,6,"retired",3,355435,60,4,"indiv_motor",5
"672984_348","Man",4,4,3,"plus",3,672984,60,4,"indiv_motor",5
"672984_68","Woman",4,4,8,"plus",3,672984,90,5,"indiv_motor",6
"672984_894","Man",2,1,6,"minus",2,672984,20,1,"indiv_motor",4
"672984_604","Man",1,4,8,"plus",3,672984,40,3,"indiv_no_motor",5
"672984_214","Woman",4,1,3,"retired",3,672984,NA,6,"indiv_no_motor",5
"672984_513","Woman",4,1,1,"retired",3,672984,25,2,"indiv_motor",5
"672984_661","Woman",2,1,4,"inactive",3,672984,75,5,"commun",5
"672984_186","Man",4,1,7,"retired",3,672984,27,2,"indiv_motor",6
"672984_1678","Man",4,1,2,"retired",3,672984,55,4,"indiv_motor",5
"672984_1107","Man",2,1,5,"plus",3,672984,30,2,"indiv_motor",7
"355435_616","Woman",4,1,6,"retired",3,355435,10,1,"indiv_motor",5
"672984_155","Man",4,1,8,"retired",3,672984,90,5,"indiv_motor",5
"672984_777","Woman",2,1,2,"minus",3,672984,22,2,"indiv_motor",6
"672984_972","Woman",1,2,6,"minus",3,672984,45,4,"indiv_motor",2
"672984_582","Woman",1,1,4,"inactive",3,672984,135,6,"commun",4
"672984_258","Woman",4,1,6,"retired",3,672984,15,1,"indiv_no_motor",5
"672984_1922","Man",4,2,7,"retired",3,672984,10,1,"indiv_motor",3
"672984_415","Woman",2,2,9,"minus",3,672984,150,6,"indiv_motor",5
"672984_282","Man",3,2,6,"retired",3,672984,15,1,"indiv_no_motor",5
"672984_535","Woman",4,2,7,"retired",3,672984,20,1,"indiv_motor",4
"672984_382","Woman",2,4,8,"plus",3,672984,90,5,"indiv_motor",5
"355435_669","Man",3,2,5,"plus",3,355435,45,4,"indiv_motor",4
"355435_1102","Man",4,1,5,"retired",3,355435,30,2,"indiv_motor",4
"672984_735","Woman",1,2,7,"minus",3,672984,40,3,"indiv_motor",3
"672984_80","Woman",2,1,8,"minus",3,672984,35,3,"indiv_motor",5
"672984_601","Woman",2,1,9,"minus",3,672984,25,2,"indiv_motor",3
"672984_705","Woman",2,2,9,"plus",3,672984,10,1,"indiv_motor",4
"672984_108","Man",4,1,10,"retired",3,672984,15,1,"indiv_motor",5
"672984_615","Woman",3,4,5,"plus",3,672984,140,6,"indiv_motor",3
"672984_205","Man",3,2,7,"plus",3,672984,30,2,"indiv_no_motor",4
"672984_114","Woman",2,4,7,"plus",3,672984,24,2,"indiv_motor",6
"672984_134","Man",4,2,8,"plus",3,672984,100,6,"indiv_motor",4
"355435_967","Woman",2,2,6,"minus",3,355435,40,3,"indiv_motor",5
"672984_2014","Woman",4,2,1,"retired",3,672984,30,2,"indiv_motor",5
"672984_451","Woman",2,2,2,"minus",3,672984,55,4,"indiv_motor",6
"672984_1356","Woman",4,1,1,"retired",3,672984,20,1,"indiv_motor",5
"355435_1170","Man",4,1,5,"retired",2,355435,15,1,"indiv_motor",1
"355435_1136","Man",4,4,10,"retired",2,355435,140,6,"commun",5
"355435_1023","Man",4,1,5,"retired",2,355435,10,1,"indiv_no_motor",7
"672984_215","Man",3,2,9,"plus",3,672984,120,6,"commun",3
"355435_1146","Man",4,3,4,"retired",3,355435,45,4,"indiv_no_motor",5
"355435_610","Man",4,2,4,"retired",3,355435,60,4,"indiv_no_motor",6
"355435_700","Woman",3,2,9,"plus",3,355435,25,2,"indiv_motor",5
"672984_145","Woman",2,1,1,"inactive",3,672984,30,2,"commun",5
"672984_403","Woman",3,2,4,"plus",3,672984,18,1,"indiv_motor",6
"672984_183","Woman",3,1,8,"inactive",3,672984,30,2,"indiv_motor",6
"672984_726","Woman",2,1,5,"plus",3,672984,25,2,"indiv_no_motor",3
"672984_671","Woman",4,1,9,"retired",3,672984,35,3,"indiv_no_motor",5
"672984_199","Woman",4,1,6,"inactive",3,672984,31,3,"indiv_motor",3
"672984_20","Man",4,2,6,"retired",3,672984,40,3,"indiv_motor",6
"672984_176","Woman",2,2,6,"minus",3,672984,20,1,"indiv_motor",4
"672984_1298","Woman",3,2,5,"minus",3,672984,5,1,"indiv_no_motor",7
"672984_469","Woman",3,NA,NA,"minus",3,672984,55,4,"indiv_motor",NA
"672984_1994","Man",4,1,6,"retired",3,672984,120,6,"indiv_motor",6
"672984_1808","Woman",1,4,3,"inactive",3,672984,90,5,"indiv_motor",4
"355435_862","Man",3,2,6,"plus",1,355435,40,3,"indiv_motor",4
"355435_914","Man",3,2,9,"plus",1,355435,10,1,"indiv_motor",5
"672984_284","Woman",2,1,7,"minus",3,672984,130,6,"indiv_motor",4
"672984_1121","Man",1,4,7,"plus",1,672984,20,1,"indiv_motor",4
"355435_870","Man",3,4,10,"plus",2,355435,150,6,"indiv_motor",5
"672984_795","Man",3,1,1,"inactive",2,672984,15,1,"indiv_motor",4
"355435_1085","Man",4,2,7,"retired",2,355435,120,6,"indiv_no_motor",5
"355435_1004","Woman",4,2,9,"retired",2,355435,60,4,"indiv_motor",4
"355435_903","Man",2,4,7,"plus",1,355435,60,4,"commun",6
"672984_816","Man",3,4,8,"plus",1,672984,10,1,"indiv_motor",4
"355435_714","Man",1,4,4,"plus",1,355435,54,4,"indiv_no_motor",5
"355435_763","Man",3,4,10,"plus",1,355435,15,1,"indiv_motor",5
"672984_1215","Man",2,4,5,"plus",1,672984,NA,6,"indiv_motor",4
"672984_1275","Woman",1,1,2,"minus",3,672984,45,4,"indiv_no_motor",4
"672984_1518","Man",4,1,4,"retired",3,672984,8,1,"indiv_motor",7
"672984_24","Woman",4,1,7,"plus",3,672984,15,1,"indiv_motor",5
"355435_1075","Man",4,1,7,"retired",2,355435,50,4,"commun",7
"355435_1156","Man",4,1,1,"retired",3,355435,90,5,"commun",5
"355435_395","Man",4,1,6,"retired",3,355435,90,5,"indiv_motor",5
"355435_538","Man",1,2,4,"plus",3,355435,50,4,"indiv_motor",1
"672984_460","Woman",2,2,6,"minus",3,672984,105,6,"indiv_no_motor",7
"672984_269","Man",4,4,9,"retired",3,672984,30,2,"indiv_motor",4
"672984_126","Man",4,1,3,"retired",3,672984,20,1,"indiv_no_motor",2
"672984_217","Woman",4,2,1,"retired",3,672984,70,5,"indiv_motor",5
"672984_182","Man",4,1,3,"retired",3,672984,20,1,"indiv_motor",3
"672984_1209","Woman",2,4,1,"inactive",3,672984,45,4,"indiv_no_motor",7
"672984_1013","Man",3,2,5,"minus",1,672984,25,2,"indiv_motor",3
"672984_796","Woman",1,1,2,"inactive",1,672984,140,6,"indiv_motor",4
"672984_32","Woman",3,1,4,"minus",3,672984,25,2,"commun",4
"672984_663","Woman",1,4,1,"inactive",3,672984,45,4,"commun",2
"672984_1116","Man",3,2,3,"plus",3,672984,20,1,"indiv_motor",5
"672984_78","Woman",4,4,6,"retired",3,672984,20,1,"commun",5
"672984_710","Woman",1,2,1,"minus",3,672984,20,1,"commun",5
"672984_112","Man",3,4,6,"minus",3,672984,25,2,"commun",5
"672984_92","Man",4,4,8,"retired",3,672984,165,6,"indiv_no_motor",7
"355435_606","Man",4,4,10,"retired",3,355435,90,5,"commun",2
"355435_601","Man",2,4,9,"plus",3,355435,15,1,"indiv_motor",3
"672984_641","Woman",2,4,9,"plus",3,672984,84,5,"indiv_motor",5
"672984_1217","Man",4,4,9,"plus",3,672984,50,4,"indiv_no_motor",7
"355435_642","Man",3,4,8,"plus",3,355435,40,3,"indiv_motor",5
"672984_550","Woman",2,4,7,"plus",3,672984,35,3,"indiv_motor",5
"672984_290","Man",4,4,7,"retired",3,672984,15,1,"indiv_motor",6
"672984_407","Man",2,2,4,"plus",3,672984,7,1,"indiv_no_motor",5
"672984_33","Man",3,2,7,"plus",3,672984,15,1,"commun",3
"355435_627","Man",4,3,2,"minus",3,355435,35,3,"indiv_motor",1
"355435_1298","Man",4,4,9,"retired",2,355435,45,4,"indiv_motor",5
"672984_799","Man",3,2,8,"minus",1,672984,20,1,"indiv_motor",6
"672984_945","Man",3,1,2,"minus",1,672984,20,1,"commun",5
"672984_213","Man",3,4,9,"plus",3,672984,30,2,"indiv_no_motor",7
"672984_1153","Woman",1,4,9,"plus",3,672984,8,1,"indiv_motor",4
"672984_530","Woman",2,2,2,"minus",3,672984,60,4,"indiv_no_motor",1
"672984_206","Man",2,2,7,"plus",3,672984,40,3,"indiv_motor",4
"355435_1203","Woman",4,2,8,"retired",2,355435,45,4,"indiv_motor",4
"355435_1068","Man",4,1,2,"retired",2,355435,60,4,"indiv_no_motor",6
"355435_1090","Man",4,1,8,"retired",2,355435,90,5,"commun",7
"672984_1038","Man",2,2,5,"plus",2,672984,25,2,"commun",4
"355435_865","Man",2,2,8,"plus",2,355435,25,2,"commun",5
"355435_573","Woman",2,4,9,"plus",3,355435,30,2,"indiv_motor",4
"355435_43","Man",2,3,2,"plus",3,355435,1,1,"indiv_no_motor",4
"355435_535","Woman",2,1,7,"minus",3,355435,40,3,"indiv_motor",2
"672984_79","Woman",3,1,6,"minus",3,672984,60,4,"indiv_motor",5
"355435_1241","Woman",4,1,2,"retired",2,355435,10,1,"indiv_motor",6
"672984_825","Man",3,4,10,"plus",2,672984,15,1,"indiv_motor",4
"355435_1285","Woman",4,1,5,"retired",2,355435,45,4,"indiv_no_motor",6
"355435_1044","Man",4,4,8,"retired",2,355435,60,4,"indiv_no_motor",5
"355435_648","Woman",3,1,4,"minus",3,355435,90,5,"indiv_no_motor",5
"672984_1000","Woman",3,2,10,"plus",3,672984,38,3,"indiv_motor",3
"672984_442","Woman",4,4,6,"retired",3,672984,35,3,"indiv_motor",4
"355435_336","Woman",2,1,8,"minus",3,355435,30,2,"indiv_motor",7
"355435_581","Woman",4,1,6,"retired",3,355435,15,1,"indiv_no_motor",4
"672984_626","Woman",3,2,10,"minus",3,672984,30,2,"commun",5
"672984_1701","Man",4,1,6,"retired",3,672984,28,2,"indiv_motor",4
"355435_426","Woman",3,2,8,"plus",3,355435,60,4,"commun",6
"672984_244","Woman",3,1,4,"inactive",3,672984,30,2,"indiv_motor",1
"672984_478","Woman",3,2,8,"minus",3,672984,40,3,"indiv_motor",4
"672984_396","Man",2,4,8,"plus",3,672984,40,3,"indiv_motor",5
"672984_389","Woman",4,1,3,"retired",3,672984,35,3,"indiv_motor",6
"355435_779","Man",3,1,4,"minus",3,355435,20,1,"indiv_no_motor",2
"672984_764","Man",2,4,9,"plus",3,672984,70,5,"indiv_no_motor",5
"355435_804","Woman",4,1,6,"retired",3,355435,30,2,"indiv_motor",4
"672984_329","Man",2,2,8,"plus",3,672984,15,1,"indiv_motor",4
"672984_333","Woman",2,2,6,"minus",3,672984,20,1,"indiv_motor",4
"355435_626","Man",3,1,1,"minus",3,355435,25,2,"indiv_motor",5
"672984_1491","Woman",4,1,5,"retired",3,672984,15,1,"indiv_motor",2
"672984_482","Woman",4,1,1,"retired",3,672984,60,4,"indiv_motor",5
"672984_987","Woman",3,1,8,"plus",3,672984,20,1,"indiv_motor",5
"355435_321","Man",2,1,8,"minus",3,355435,35,3,"indiv_motor",5
"672984_1865","Woman",4,1,5,"retired",3,672984,75,5,"indiv_motor",4
"672984_64","Man",2,1,2,"minus",3,672984,25,2,"indiv_motor",3
"672984_231","Man",4,1,2,"retired",3,672984,30,2,"commun",6
"672984_351","Man",3,1,2,"minus",3,672984,15,1,"indiv_no_motor",4
"355435_125","Woman",2,4,7,"minus",3,355435,45,4,"indiv_no_motor",5
"672984_81","Woman",2,4,2,"inactive",3,672984,30,2,"indiv_no_motor",2
"672984_98","Woman",2,2,7,"plus",3,672984,39,3,"indiv_no_motor",5
"672984_188","Man",4,2,8,"retired",3,672984,35,3,"indiv_motor",2
"672984_490","Man",4,2,6,"minus",3,672984,30,2,"indiv_motor",3
"672984_246","Woman",2,2,9,"plus",3,672984,16,1,"indiv_no_motor",5
"672984_1365","Woman",4,2,8,"retired",3,672984,15,1,"indiv_motor",5
"672984_813","Woman",2,2,7,"plus",3,672984,75,5,"indiv_motor",4
"672984_110","Man",2,4,7,"plus",3,672984,70,5,"indiv_no_motor",5
"672984_576","Man",3,2,7,"minus",3,672984,7,1,"indiv_motor",2
"672984_980","Woman",4,2,6,"retired",3,672984,40,3,"indiv_motor",6
"355435_582","Woman",3,1,7,"minus",3,355435,40,3,"indiv_motor",6
"672984_854","Woman",1,4,3,"minus",1,672984,75,5,"indiv_no_motor",5
"672984_871","Man",2,4,9,"plus",1,672984,25,2,"indiv_no_motor",5
"355435_611","Woman",2,4,10,"plus",1,355435,35,3,"indiv_no_motor",3
"672984_130","Woman",3,1,7,"minus",3,672984,35,3,"indiv_motor",6
"672984_903","Man",3,2,3,"minus",1,672984,30,2,"commun",4
"672984_1084","Man",3,1,9,"minus",1,672984,20,1,"indiv_motor",2
"672984_1204","Man",2,2,9,"plus",1,672984,25,2,"indiv_motor",5
"672984_209","Woman",2,4,6,"plus",3,672984,60,4,"indiv_motor",5
"672984_533","Woman",2,1,9,"minus",3,672984,25,2,"indiv_motor",4
"672984_266","Woman",3,1,7,"minus",3,672984,20,1,"indiv_motor",7
"672984_142","Woman",2,1,1,"inactive",3,672984,45,4,"indiv_motor",6
"672984_328","Woman",1,2,8,"minus",3,672984,12,1,"indiv_motor",4
"672984_162","Woman",2,1,6,"minus",3,672984,40,3,"indiv_motor",2
"355435_1206","Woman",4,1,4,"retired",3,355435,35,3,"indiv_motor",6
"672984_1033","Woman",1,4,10,"plus",1,672984,30,2,"indiv_motor",5
"355435_894","Man",3,4,8,"plus",1,355435,30,2,"indiv_motor",4
"355435_834","Woman",3,1,2,"minus",1,355435,25,2,"indiv_motor",1
"355435_737","Man",3,2,10,"plus",1,355435,60,4,"indiv_motor",5
"672984_730","Man",4,1,7,"retired",3,672984,35,3,"indiv_no_motor",5
"672984_588","Woman",3,4,10,"plus",3,672984,37,3,"indiv_motor",4
"672984_404","Woman",3,1,6,"plus",3,672984,60,4,"indiv_motor",5
"672984_71","Woman",4,1,5,"minus",3,672984,115,6,"commun",1
"672984_166","Woman",3,1,7,"inactive",3,672984,21,2,"indiv_motor",1
"355435_596","Woman",3,1,2,"minus",3,355435,10,1,"indiv_motor",7
"672984_368","Man",3,4,10,"plus",3,672984,8,1,"indiv_motor",4
"672984_606","Woman",3,2,4,"minus",3,672984,15,1,"indiv_motor",5
"672984_1369","Woman",1,4,4,"inactive",2,672984,10,1,"indiv_motor",5
"672984_942","Woman",1,4,9,"minus",2,672984,45,4,"indiv_no_motor",4
"672984_882","Man",2,1,2,"minus",2,672984,30,2,"indiv_motor",5
"355435_1103","Woman",4,1,5,"retired",2,355435,0,1,"indiv_no_motor",5
"672984_949","Woman",1,4,8,"plus",2,672984,35,3,"indiv_motor",3
"672984_1157","Man",3,2,7,"plus",2,672984,25,2,"indiv_no_motor",4
"355435_1130","Woman",4,1,4,"retired",2,355435,5,1,"indiv_no_motor",5
"672984_267","Woman",3,2,9,"plus",3,672984,60,4,"indiv_motor",7
"672984_488","Woman",1,4,10,"inactive",3,672984,45,4,"commun",6
"672984_260","Man",3,2,9,"minus",3,672984,20,1,"indiv_motor",4
"672984_371","Man",3,2,4,"plus",3,672984,30,2,"commun",4
"672984_355","Woman",1,1,5,"minus",3,672984,60,4,"indiv_motor",3
"672984_572","Woman",4,2,8,"plus",3,672984,45,4,"indiv_motor",7
"672984_180","Woman",2,2,8,"plus",3,672984,30,2,"indiv_motor",4
"672984_561","Woman",3,2,4,"plus",3,672984,10,1,"indiv_motor",5
"672984_229","Man",2,4,9,"plus",3,672984,45,4,"indiv_no_motor",4
"672984_247","Man",4,1,6,"retired",3,672984,40,3,"indiv_motor",6
"672984_470","Man",3,4,7,"minus",3,672984,20,1,"indiv_motor",7
"672984_241","Woman",3,4,8,"plus",3,672984,5,1,"indiv_motor",4
"672984_632","Woman",2,4,7,"plus",2,672984,40,3,"indiv_motor",3
"672984_391","Woman",1,2,1,"minus",2,672984,15,1,"indiv_no_motor",5
"672984_742",NA,2,1,8,"minus",2,672984,60,4,"commun",7
"672984_494","Man",4,4,8,"retired",2,672984,10,1,"indiv_no_motor",5
"672984_1235","Man",3,2,10,"plus",2,672984,10,1,"indiv_motor",4
"355435_1121","Man",4,1,2,"retired",2,355435,90,5,"indiv_no_motor",6
"672984_433","Woman",3,1,2,"plus",2,672984,25,2,"indiv_motor",4
"355435_981","Man",4,4,4,"retired",2,355435,17,1,"commun",3
"355435_1000","Man",4,1,8,"retired",2,355435,18,1,"indiv_no_motor",3
"355435_1124","Man",4,1,8,"retired",2,355435,20,1,"indiv_no_motor",3
"672984_276","Woman",3,1,9,"minus",3,672984,30,2,"indiv_motor",5
"672984_537","Woman",4,4,6,"retired",3,672984,30,2,"indiv_no_motor",5
"355435_1595","Woman",2,1,3,"minus",3,355435,25,2,"indiv_motor",4
"672984_1810","Woman",4,1,8,"retired",3,672984,40,3,"indiv_motor",5
"355435_649","Man",2,2,5,"plus",3,355435,50,4,"indiv_motor",4
"672984_398","Woman",2,4,2,"minus",3,672984,70,5,"indiv_motor",6
"672984_758","Woman",2,2,8,"minus",3,672984,30,2,"indiv_motor",5
"672984_168","Woman",2,4,7,"inactive",3,672984,50,4,"indiv_motor",2
"672984_654","Man",2,2,8,"plus",3,672984,52,4,"indiv_motor",4
"672984_163","Man",4,1,7,"retired",3,672984,60,4,"indiv_motor",4
"672984_198","Woman",3,2,4,"minus",3,672984,55,4,"indiv_motor",3
"672984_1478","Woman",4,1,4,"retired",3,672984,20,1,"indiv_motor",2
"672984_1661","Woman",4,2,4,"retired",3,672984,80,5,"indiv_motor",5
"672984_848","Man",3,1,7,"minus",2,672984,85,5,"indiv_motor",5
"355435_1454","Woman",1,1,1,"inactive",2,355435,65,5,"indiv_no_motor",5
"672984_521","Woman",4,2,6,"retired",3,672984,135,6,"indiv_motor",7
"672984_429","Woman",3,2,7,"minus",3,672984,50,4,"indiv_no_motor",6
"672984_534","Woman",2,4,7,"plus",3,672984,5,1,"indiv_no_motor",5
"672984_725","Woman",3,2,3,"minus",3,672984,40,3,"commun",4
"672984_667","Man",3,2,2,"minus",3,672984,5,1,"indiv_motor",4
"672984_610","Woman",3,4,5,"plus",3,672984,30,2,"indiv_motor",7
"672984_60","Man",3,1,2,"minus",3,672984,60,4,"commun",5
"672984_527","Man",3,4,6,"plus",3,672984,25,2,"indiv_no_motor",5
"672984_1152","Woman",1,1,4,"inactive",3,672984,60,4,"indiv_motor",5
"355435_971","Man",2,2,9,"minus",1,355435,50,4,"commun",5
"355435_1114","Woman",4,1,8,"retired",2,355435,20,1,"indiv_motor",4
"672984_549","Woman",1,2,7,"plus",2,672984,27,2,"indiv_motor",5
"355435_1106","Woman",4,1,6,"retired",2,355435,15,1,"indiv_no_motor",6
"355435_1308","Woman",4,1,1,"retired",2,355435,5,1,"indiv_no_motor",5
"355435_1739","Woman",2,4,6,"inactive",1,355435,45,4,"indiv_no_motor",4
"355435_1797","Woman",2,1,3,"inactive",1,355435,15,1,"commun",3
"355435_829","Man",3,1,6,"minus",1,355435,75,5,"commun",5
"355435_1209","Woman",2,2,1,"inactive",1,355435,9,1,"indiv_no_motor",5
"355435_1709","Woman",2,4,5,"plus",1,355435,100,6,"indiv_motor",5
"355435_1889","Woman",3,1,9,"minus",1,355435,35,3,"indiv_motor",5
"355435_1736","Woman",2,1,4,"minus",1,355435,65,5,"commun",5
"672984_1025","Man",2,2,8,"plus",1,672984,70,5,"indiv_no_motor",5
"355435_707","Man",3,2,4,"plus",1,355435,35,3,"indiv_no_motor",5
"355435_742","Woman",3,1,7,"minus",1,355435,50,4,"indiv_motor",5
"672984_806","Woman",1,4,1,"inactive",1,672984,45,4,"commun",5
"672984_1296","Woman",1,4,1,"inactive",1,672984,20,1,"indiv_no_motor",4
"672984_1101","Man",2,2,2,"minus",1,672984,75,5,"commun",4
"672984_1642","Woman",1,NA,NA,"inactive",1,672984,105,6,"commun",NA
"355435_1676","Woman",2,1,8,"minus",2,355435,30,2,"indiv_motor",4
"355435_1808","Woman",1,1,7,"inactive",2,355435,50,4,"indiv_motor",4
"355435_501","Woman",2,1,3,"minus",2,355435,80,5,"indiv_motor",5
"672984_1258","Man",2,3,6,"plus",2,672984,30,2,"indiv_no_motor",3
"355435_695","Man",4,2,7,"retired",3,355435,40,3,"indiv_no_motor",5
"672984_737","Man",4,2,4,"retired",3,672984,63,5,"indiv_motor",4
"672984_598","Man",3,1,2,"plus",3,672984,2,1,"indiv_no_motor",2
"672984_1134","Man",2,1,3,"minus",1,672984,45,4,"indiv_motor",7
"355435_1723","Woman",2,1,6,"plus",2,355435,35,3,"commun",2
"355435_1786","Woman",2,2,8,"plus",2,355435,75,5,"indiv_motor",4
"672984_911","Woman",1,4,5,"plus",1,672984,50,4,"indiv_motor",5
"672984_996","Man",2,2,2,"minus",1,672984,2,1,"indiv_no_motor",4
"355435_1213","Man",4,3,5,"retired",2,355435,120,6,"indiv_motor",4
"355435_1791","Woman",2,1,8,"minus",2,355435,85,5,"indiv_motor",6
"672984_1020","Man",1,1,4,"minus",1,672984,100,6,"indiv_no_motor",5
"672984_1244","Woman",2,4,9,"plus",3,672984,NA,6,"indiv_motor",4
"672984_1068","Woman",1,1,1,"minus",2,672984,20,1,"indiv_no_motor",6
"355435_177","Woman",3,4,6,"inactive",2,355435,20,1,"indiv_motor",3
"672984_1016","Man",3,2,7,"minus",1,672984,46,4,"indiv_motor",2
"672984_952","Man",2,4,10,"plus",1,672984,45,4,"commun",2
"355435_1006","Man",4,2,8,"retired",1,355435,30,2,"indiv_motor",3
"355435_263","Woman",3,1,5,"minus",2,355435,140,6,"indiv_motor",2
"355435_1778","Woman",2,4,6,"plus",2,355435,40,3,"indiv_motor",4
"355435_1869","Woman",2,2,7,"plus",2,355435,60,4,"indiv_motor",5
"355435_1036","Woman",4,2,8,"retired",2,355435,NA,6,"indiv_motor",1
"355435_991","Woman",4,2,5,"minus",2,355435,110,6,"indiv_motor",4
"355435_1840","Woman",2,1,2,"inactive",2,355435,45,4,"indiv_no_motor",4
"672984_842","Woman",1,3,1,"plus",1,672984,30,2,"indiv_motor",5
"672984_1092","Man",2,2,2,"minus",1,672984,85,5,"indiv_no_motor",4
"355435_900","Man",3,4,8,"plus",1,355435,50,4,"indiv_no_motor",5
"355435_1273","Woman",4,4,5,"retired",1,355435,25,2,"indiv_no_motor",5
"355435_716","Man",3,4,10,"plus",1,355435,25,2,"indiv_motor",4
"672984_893","Man",2,2,4,"inactive",1,672984,10,1,"indiv_motor",4
"672984_803","Man",3,4,9,"plus",1,672984,60,4,"indiv_motor",4
"355435_825","Man",3,1,8,"minus",1,355435,120,6,"indiv_motor",2
"355435_817","Man",3,2,9,"plus",1,355435,120,6,"indiv_motor",2
"672984_857","Man",1,1,6,"minus",1,672984,50,4,"commun",6
"355435_27","Woman",1,1,3,"plus",1,355435,90,5,"commun",1
"355435_523","Woman",2,2,6,"minus",1,355435,60,4,"indiv_motor",5
"355435_867","Man",3,2,8,"plus",1,355435,45,4,"indiv_motor",3
"355435_942","Man",2,2,3,"minus",1,355435,45,4,"commun",7
"672984_856","Man",2,2,4,"minus",1,672984,35,3,"commun",7
"355435_1715","Woman",2,4,4,"plus",1,355435,30,2,"indiv_motor",5
"355435_1807","Woman",1,4,2,"minus",1,355435,70,5,"commun",5
"355435_14","Man",2,4,3,"minus",1,355435,35,3,"indiv_motor",3
"355435_796","Man",2,4,7,"plus",1,355435,70,5,"indiv_no_motor",5
"355435_465","Woman",4,1,1,"retired",1,355435,150,6,"indiv_no_motor",7
"672984_1021","Woman",1,2,6,"minus",1,672984,15,1,"indiv_no_motor",5
"355435_711","Woman",2,4,2,"minus",1,355435,25,2,"indiv_motor",5
"672984_1003","Man",2,1,2,"minus",1,672984,NA,6,"indiv_motor",3
"672984_1091","Man",3,2,5,"plus",1,672984,30,2,"indiv_no_motor",5
"355435_146","Man",2,4,10,"plus",1,355435,30,2,"indiv_no_motor",3
"355435_878","Man",3,2,6,"plus",1,355435,25,2,"indiv_motor",4
"672984_898","Man",3,2,7,"retired",1,672984,35,3,"indiv_motor",4
"355435_898","Man",3,2,9,"plus",1,355435,30,2,"commun",4
"672984_1195","Woman",1,4,6,"plus",1,672984,75,5,"indiv_motor",4
"672984_869","Man",3,4,10,"plus",1,672984,45,4,"indiv_motor",5
"672984_879","Woman",3,1,6,"minus",1,672984,40,3,"indiv_motor",5
"355435_715","Man",3,4,6,"plus",1,355435,80,5,"commun",7
"355435_843","Man",3,2,7,"minus",1,355435,50,4,"indiv_motor",6
"672984_908","Man",2,4,10,"plus",1,672984,25,2,"indiv_motor",4
"672984_1112","Man",3,2,3,"plus",1,672984,15,1,"indiv_motor",4
"355435_721","Man",3,1,6,"plus",1,355435,20,1,"indiv_motor",5
"672984_974","Man",3,1,2,"minus",1,672984,NA,6,"indiv_no_motor",6
"355435_94","Woman",3,2,3,"plus",2,355435,10,1,"indiv_no_motor",7
"355435_76","Man",2,4,9,"plus",2,355435,50,4,"indiv_motor",6
"355435_708","Man",3,4,6,"plus",1,355435,20,1,"commun",5
"672984_1224","Woman",1,2,3,"inactive",1,672984,60,4,"indiv_motor",4
"355435_944","Man",3,4,10,"plus",1,355435,15,1,"indiv_motor",3
"672984_349","Woman",3,4,10,"plus",3,672984,25,2,"indiv_motor",3
"672984_1160","Man",3,1,1,"inactive",1,672984,27,2,"indiv_motor",4
"355435_809","Man",3,4,10,"plus",1,355435,45,4,"indiv_motor",5
"672984_116","Man",4,1,7,"retired",3,672984,70,5,"indiv_no_motor",5
"672984_593","Man",2,4,9,"plus",3,672984,70,5,"indiv_motor",7
"672984_1560","Woman",4,2,2,"inactive",3,672984,0,1,"commun",4
"355435_1168","Woman",4,1,8,"retired",2,355435,135,6,"indiv_motor",4
"355435_803","Man",3,2,8,"plus",1,355435,10,1,"indiv_motor",6
"355435_822","Man",3,1,3,"plus",1,355435,16,1,"indiv_motor",5
"672984_920","Man",2,4,6,"plus",1,672984,90,5,"commun",4
"672984_1208","Woman",1,4,1,"inactive",1,672984,33,3,"indiv_no_motor",4
"672984_1163","Man",1,3,5,"inactive",1,672984,4,1,"indiv_no_motor",1
"355435_830","Woman",2,1,6,"plus",1,355435,85,5,"indiv_no_motor",4
"355435_1670","Woman",1,4,8,"minus",1,355435,30,2,"indiv_motor",4
"672984_1219","Man",3,2,6,"plus",1,672984,180,6,"commun",1
"672984_940","Man",2,4,6,"plus",1,672984,40,3,"indiv_motor",4
"672984_1069","Man",2,1,5,"minus",1,672984,30,2,"commun",3
"672984_886","Man",3,1,3,"minus",1,672984,20,1,"indiv_motor",6
"355435_961","Man",2,2,6,"minus",1,355435,45,4,"indiv_no_motor",7
"672984_1076","Man",2,1,2,"inactive",1,672984,20,1,"commun",4
"355435_775","Man",3,4,8,"plus",1,355435,45,4,"indiv_motor",4
"672984_1232","Man",1,1,6,"minus",1,672984,45,4,"indiv_no_motor",5
"672984_1221","Man",2,4,4,"minus",1,672984,15,1,"commun",7
"672984_1004","Man",3,1,2,"inactive",1,672984,30,2,"indiv_no_motor",5
"672984_1214","Woman",1,1,2,"inactive",1,672984,90,5,"indiv_no_motor",3
"355435_1126","Man",4,1,4,"retired",2,355435,60,4,"indiv_motor",5
"672984_1228","Woman",1,1,8,"minus",1,672984,30,2,"indiv_motor",4
"355435_1302","Man",2,4,7,"minus",1,355435,75,5,"indiv_motor",5
"672984_850","Woman",1,1,8,"minus",1,672984,80,5,"indiv_motor",4
"355435_863","Man",3,2,1,"inactive",1,355435,40,3,"indiv_motor",4
"672984_1238","Man",2,1,1,"minus",1,672984,20,1,"indiv_no_motor",2
"355435_970","Man",3,1,1,"minus",1,355435,100,6,"commun",2
"672984_1009","Man",3,1,5,"minus",3,672984,40,3,"indiv_no_motor",5
"672984_379","Woman",4,2,4,"retired",3,672984,90,5,"indiv_motor",5
"672984_977","Woman",1,4,5,"inactive",1,672984,150,6,"indiv_motor",5
"355435_1290","Man",2,1,6,"minus",2,355435,120,6,"indiv_no_motor",2
"355435_771","Man",2,2,8,"plus",1,355435,90,5,"indiv_motor",4
"355435_846","Man",3,4,9,"plus",1,355435,60,4,"indiv_motor",6
"672984_937","Man",3,2,5,"plus",1,672984,20,1,"indiv_motor",3
"672984_1037","Man",3,3,5,"inactive",1,672984,15,1,"indiv_no_motor",7
"672984_985","Woman",1,NA,NA,"minus",1,672984,36,3,"indiv_motor",NA
"355435_1244","Man",4,4,9,"retired",2,355435,50,4,"indiv_motor",5
"672984_798","Man",3,4,9,"minus",1,672984,50,4,"indiv_motor",5
"355435_954","Man",3,2,7,"plus",1,355435,60,4,"indiv_motor",6
"672984_874","Man",1,4,1,"inactive",1,672984,65,5,"commun",4
"672984_1167","Woman",1,1,7,"minus",1,672984,30,2,"indiv_motor",1
"672984_921","Man",3,4,9,"plus",1,672984,35,3,"indiv_no_motor",5
"355435_1689","Woman",2,1,8,"plus",1,355435,30,2,"commun",4
"355435_856","Man",3,4,9,"plus",1,355435,75,5,"commun",6
"355435_866","Man",2,1,5,"plus",1,355435,45,4,"indiv_no_motor",7
"355435_787","Man",4,4,10,"plus",1,355435,80,5,"indiv_motor",7
"355435_1222","Woman",4,1,7,"retired",2,355435,35,3,"indiv_no_motor",5
"672984_393","Man",2,4,9,"minus",1,672984,10,1,"indiv_no_motor",5
"355435_762","Man",3,2,9,"plus",1,355435,70,5,"commun",3
"355435_1160","Man",2,2,4,"minus",1,355435,45,4,"indiv_no_motor",5
"355435_910","Man",2,2,8,"minus",1,355435,38,3,"commun",3
"672984_717","Woman",2,1,6,"minus",3,672984,20,1,"indiv_no_motor",4
"672984_706","Woman",2,2,10,"plus",3,672984,60,4,"indiv_no_motor",6
"672984_430","Woman",3,1,4,"minus",3,672984,15,1,"indiv_no_motor",4
"672984_613","Man",3,4,6,"plus",3,672984,25,2,"indiv_motor",3
"672984_131","Man",4,4,9,"retired",3,672984,105,6,"indiv_motor",6
"355435_659","Woman",2,2,5,"minus",3,355435,120,6,"indiv_motor",4
"355435_1096","Man",4,4,8,"retired",2,355435,135,6,"indiv_motor",6
"355435_845","Man",3,1,9,"minus",2,355435,20,1,"indiv_motor",4
"672984_1234","Woman",1,1,5,"minus",2,672984,30,2,"commun",7
"672984_899","Woman",1,1,4,"minus",2,672984,25,2,"indiv_motor",1
"355435_1010","Man",4,1,3,"retired",2,355435,NA,6,"indiv_no_motor",6
"355435_821","Man",3,2,5,"plus",2,355435,40,3,"indiv_motor",3
"355435_806","Man",2,4,6,"plus",1,355435,50,4,"indiv_no_motor",4
"355435_890","Man",3,1,6,"minus",1,355435,25,2,"indiv_motor",3
"672984_847","Man",3,2,9,"retired",1,672984,60,4,"indiv_motor",4
"355435_741","Man",3,4,9,"plus",1,355435,40,3,"commun",4
"672984_1222","Man",1,4,10,"plus",1,672984,40,3,"commun",6
"355435_768","Man",3,1,7,"plus",1,355435,80,5,"indiv_motor",5
"672984_1074","Woman",1,4,1,"inactive",1,672984,40,3,"indiv_no_motor",5
"355435_764","Man",3,4,10,"plus",1,355435,40,3,"indiv_motor",5
"355435_810","Man",3,1,7,"minus",1,355435,45,4,"commun",6
"355435_740","Man",3,1,10,"plus",1,355435,84,5,"indiv_motor",5
"355435_960","Woman",2,NA,NA,"minus",1,355435,58,4,"indiv_motor",NA
"355435_853","Woman",2,2,10,"plus",1,355435,40,3,"commun",5
"672984_1124","Man",2,4,1,"inactive",1,672984,30,2,"commun",4
"355435_1009","Man",2,4,9,"plus",1,355435,NA,6,"commun",6
"355435_766","Man",3,4,8,"plus",1,355435,60,4,"indiv_motor",7
"355435_1104","Man",4,2,8,"retired",2,355435,40,3,"indiv_motor",5
"672984_923","Man",3,4,10,"plus",2,672984,50,4,"indiv_motor",7
"355435_345","Woman",2,1,7,"minus",2,355435,35,3,"indiv_no_motor",6
"355435_62","Man",4,2,10,"plus",2,355435,27,2,"indiv_motor",5
"355435_1076","Man",4,4,8,"plus",2,355435,30,2,"indiv_no_motor",5
"355435_492","Woman",2,1,2,"minus",3,355435,40,3,"indiv_motor",4
"355435_799","Man",2,2,6,"plus",1,355435,100,6,"indiv_no_motor",5
"672984_238","Man",4,4,8,"retired",3,672984,75,5,"indiv_no_motor",6
"672984_272","Man",4,4,7,"retired",3,672984,25,2,"indiv_no_motor",5
"672984_435","Man",4,2,7,"retired",3,672984,65,5,"indiv_motor",5
"355435_113","Woman",2,1,2,"minus",3,355435,35,3,"indiv_motor",6
"672984_242","Woman",3,3,1,"minus",2,672984,2,1,"indiv_no_motor",3
"355435_286","Man",3,1,6,"plus",2,355435,60,4,"indiv_motor",4
"355435_231","Woman",2,4,4,"plus",2,355435,30,2,"indiv_motor",3
"355435_278","Woman",4,4,8,"retired",2,355435,20,1,"indiv_no_motor",6
"355435_37","Man",4,2,8,"plus",2,355435,35,3,"indiv_motor",6
"672984_603","Woman",3,1,1,"retired",3,672984,95,6,"indiv_no_motor",5
"672984_400","Woman",1,4,7,"plus",3,672984,10,1,"indiv_motor",5
"672984_14","Woman",2,2,5,"minus",3,672984,30,2,"indiv_motor",5
"672984_372","Woman",2,4,8,"plus",3,672984,30,2,"commun",4
"672984_1216","Man",3,4,9,"minus",2,672984,55,4,"indiv_motor",4
"355435_1005","Man",4,1,8,"retired",2,355435,20,1,"indiv_no_motor",2
"672984_553","Woman",4,2,6,"plus",3,672984,35,3,"indiv_motor",3
"672984_353","Woman",3,2,3,"minus",3,672984,120,6,"commun",2
"672984_532","Man",2,4,6,"plus",3,672984,35,3,"indiv_motor",5
"672984_784","Man",3,4,5,"plus",3,672984,70,5,"indiv_motor",4
"672984_313","Man",3,4,9,"plus",3,672984,10,1,"indiv_motor",6
"355435_1033","Man",2,4,7,"plus",3,355435,80,5,"commun",5
"355435_236","Woman",4,4,5,"retired",3,355435,40,3,"indiv_motor",5
"672984_210","Man",2,4,10,"plus",3,672984,75,5,"commun",5
"672984_165","Woman",2,4,4,"plus",3,672984,30,2,"indiv_motor",5
"355435_143","Man",3,4,8,"plus",3,355435,45,4,"commun",5
"355435_254","Woman",3,4,6,"plus",3,355435,10,1,"indiv_motor",4
"355435_879","Woman",1,4,1,"inactive",3,355435,40,3,"commun",5
"672984_1172","Man",3,2,6,"plus",1,672984,5,1,"indiv_motor",7
"672984_934","Man",2,1,2,"minus",1,672984,NA,6,"indiv_no_motor",6
"355435_147","Woman",4,2,6,"retired",3,355435,65,5,"indiv_motor",4
"355435_411","Woman",2,4,5,"inactive",3,355435,30,2,"indiv_motor",4
"355435_401","Man",3,4,10,"plus",3,355435,75,5,"commun",6
"355435_250","Man",4,1,8,"retired",3,355435,60,4,"indiv_motor",5
"355435_228","Woman",3,4,5,"plus",3,355435,75,5,"indiv_motor",4
"355435_419","Woman",3,4,8,"plus",3,355435,45,4,"indiv_motor",3
"672984_1075","Woman",4,4,8,"plus",3,672984,80,5,"indiv_motor",4
"672984_85","Woman",3,1,8,"minus",3,672984,90,5,"indiv_motor",6
"672984_373","Man",4,4,8,"retired",3,672984,50,4,"indiv_no_motor",5
"355435_946","Man",3,4,8,"plus",1,355435,50,4,"indiv_motor",4
"672984_910","Woman",1,4,9,"minus",1,672984,30,2,"indiv_motor",4
"672984_875","Man",2,2,9,"plus",1,672984,40,3,"commun",5
"355435_65","Woman",2,2,6,"minus",3,355435,55,4,"indiv_motor",4
"355435_637","Man",3,2,6,"plus",3,355435,35,3,"indiv_motor",6
"355435_1052","Man",4,2,8,"retired",2,355435,40,3,"indiv_motor",5
"355435_1014","Woman",4,3,6,"retired",2,355435,30,2,"indiv_motor",6
"672984_845","Man",3,2,9,"plus",2,672984,30,2,"indiv_no_motor",5
"672984_770","Woman",4,NA,NA,"minus",3,672984,30,2,"indiv_motor",NA
"672984_1118","Woman",4,1,9,"retired",3,672984,25,2,"indiv_motor",6
"672984_618","Man",4,2,8,"retired",3,672984,20,1,"indiv_no_motor",6
"355435_1053","Man",4,1,7,"retired",2,355435,30,2,"indiv_no_motor",5
"672984_862","Woman",1,1,1,"minus",2,672984,30,2,"indiv_no_motor",6
"672984_1051","Woman",1,1,2,"minus",2,672984,30,2,"indiv_motor",7
"672984_818","Man",3,1,2,"minus",1,672984,15,1,"indiv_motor",7
"355435_795","Man",3,4,6,"plus",1,355435,45,4,"indiv_motor",5
"672984_1049","Woman",1,2,6,"minus",1,672984,20,1,"indiv_motor",3
"672984_943","Man",3,4,9,"plus",1,672984,90,5,"commun",5
"355435_963","Man",3,1,6,"minus",1,355435,100,6,"commun",5
"355435_598","Woman",4,1,4,"retired",3,355435,40,3,"indiv_motor",6
"672984_658","Woman",2,1,2,"minus",3,672984,75,5,"commun",5
"672984_318","Man",3,4,9,"plus",3,672984,25,2,"commun",7
"672984_954","Woman",4,1,6,"retired",3,672984,80,5,"indiv_motor",3
"672984_303","Woman",2,4,8,"plus",3,672984,45,4,"indiv_motor",7
"672984_1213","Man",3,1,8,"plus",1,672984,55,4,"commun",4
"355435_882","Man",2,4,8,"plus",1,355435,40,3,"commun",4
"672984_983","Man",1,1,8,"plus",1,672984,40,3,"indiv_no_motor",5
"672984_1077","Woman",1,1,7,"minus",1,672984,30,2,"indiv_no_motor",3
"355435_988","Woman",1,4,3,"plus",1,355435,45,4,"commun",3
"672984_1058","Man",2,4,6,"plus",1,672984,35,3,"commun",6
"672984_1230","Woman",1,1,2,"inactive",1,672984,45,4,"commun",4
"355435_1804","Woman",2,1,8,"minus",1,355435,30,2,"commun",2
"355435_984","Woman",2,2,8,"minus",1,355435,95,6,"indiv_no_motor",7
"672984_1054","Man",1,4,9,"inactive",1,672984,90,5,"commun",5
"355435_872","Man",3,1,8,"minus",1,355435,95,6,"indiv_no_motor",5
"672984_1029","Man",3,1,6,"plus",1,672984,45,4,"indiv_no_motor",4
"672984_866","Woman",1,4,2,"minus",1,672984,65,5,"indiv_no_motor",3
"672984_1220","Man",3,1,2,"minus",1,672984,15,1,"indiv_motor",2
"672984_829","Man",2,4,5,"plus",1,672984,120,6,"commun",5
"355435_1645","Woman",2,4,1,"minus",1,355435,140,6,"commun",5
"355435_1027","Woman",4,1,1,"minus",1,355435,70,5,"indiv_no_motor",3
"355435_722","Man",3,4,9,"plus",1,355435,45,4,"indiv_no_motor",6
"672984_826","Woman",1,4,4,"plus",1,672984,65,5,"commun",4
"672984_1122","Man",3,NA,NA,"plus",1,672984,45,4,"commun",NA
"672984_1162","Man",2,4,8,"plus",1,672984,110,6,"indiv_no_motor",5
"355435_776","Man",3,4,6,"plus",1,355435,20,1,"indiv_no_motor",4
"672984_1175","Man",3,4,1,"minus",1,672984,180,6,"indiv_no_motor",7
"355435_874","Woman",3,4,8,"plus",1,355435,30,2,"indiv_no_motor",4
"355435_1792","Woman",2,4,9,"plus",1,355435,20,1,"indiv_no_motor",4
"355435_947","Man",2,4,4,"plus",1,355435,30,2,"commun",5
"355435_807","Man",2,4,10,"plus",1,355435,50,4,"commun",4
"355435_726","Man",3,4,5,"plus",1,355435,170,6,"indiv_no_motor",3
"672984_31","Man",4,1,2,"minus",3,672984,160,6,"indiv_no_motor",5
"355435_727","Man",3,4,4,"plus",1,355435,130,6,"indiv_motor",5
"672984_1237","Woman",1,3,7,"minus",1,672984,15,1,"commun",5
"672984_885","Woman",2,2,7,"minus",1,672984,25,2,"commun",7
"355435_884","Man",3,1,4,"minus",1,355435,15,1,"indiv_motor",2
"355435_709","Man",2,2,5,"plus",1,355435,27,2,"indiv_motor",5
"672984_838","Man",3,4,8,"plus",1,672984,60,4,"indiv_motor",5
"355435_868","Man",2,2,7,"plus",1,355435,50,4,"commun",6
"672984_890","Man",3,2,6,"minus",2,672984,25,2,"indiv_motor",4
"355435_232","Woman",2,1,1,"minus",2,355435,90,5,"indiv_no_motor",5
"355435_1040","Woman",4,2,4,"retired",2,355435,150,6,"indiv_no_motor",6
"672984_1190","Man",2,1,6,"minus",2,672984,30,2,"commun",6
"672984_1179","Man",3,1,8,"inactive",1,672984,30,2,"commun",2
"355435_244","Woman",3,1,7,"minus",2,355435,20,1,"indiv_motor",3
"355435_8","Woman",3,1,2,"minus",2,355435,30,2,"indiv_motor",4
"355435_331","Man",3,2,9,"minus",2,355435,NA,6,"indiv_motor",5
"355435_532","Woman",4,2,10,"plus",2,355435,80,5,"indiv_motor",3
"355435_504","Woman",2,2,7,"plus",2,355435,120,6,"indiv_motor",3
"355435_730","Man",3,2,10,"plus",1,355435,35,3,"commun",2
"672984_1085","Man",2,1,3,"plus",2,672984,40,3,"indiv_motor",4
"355435_1089","Man",4,3,4,"retired",2,355435,70,5,"indiv_motor",2
"672984_976","Man",2,1,6,"minus",2,672984,20,1,"commun",3
"355435_950","Man",2,2,6,"plus",2,355435,5,1,"indiv_motor",5
"355435_808","Man",3,1,3,"minus",1,355435,80,5,"indiv_motor",5
"672984_833","Woman",1,4,9,"inactive",2,672984,40,3,"indiv_motor",5
"672984_1188","Woman",1,1,2,"plus",2,672984,80,5,"indiv_motor",5
"672984_1159","Man",3,2,9,"plus",2,672984,35,3,"indiv_motor",4
"672984_681","Woman",3,1,10,"minus",3,672984,70,5,"indiv_motor",7
"672984_1014","Woman",2,4,8,"plus",3,672984,105,6,"indiv_motor",3
"355435_734","Man",2,2,4,"plus",1,355435,25,2,"indiv_no_motor",5
"672984_1080","Man",2,1,3,"minus",1,672984,90,5,"indiv_motor",6
"672984_967","Man",3,1,1,"inactive",1,672984,45,4,"indiv_no_motor",6
"672984_137","Man",2,NA,NA,"plus",3,672984,75,5,"indiv_motor",NA
"355435_1731","Woman",1,2,3,"minus",3,355435,12,1,"indiv_no_motor",5
"672984_1282","Woman",2,2,5,"plus",3,672984,120,6,"indiv_no_motor",3
"355435_1266","Woman",2,4,6,"minus",3,355435,40,3,"indiv_motor",5
"672984_574","Woman",2,1,2,"plus",3,672984,10,1,"indiv_motor",2
"672984_1178","Man",3,2,5,"plus",3,672984,104,6,"indiv_no_motor",3
"672984_697","Man",3,2,8,"minus",2,672984,70,5,"commun",4
"672984_1036","Woman",1,1,1,"plus",2,672984,15,1,"indiv_motor",3
"672984_999","Woman",4,4,5,"retired",2,672984,NA,6,"indiv_motor",7
"355435_913","Man",3,4,9,"plus",3,355435,25,2,"indiv_motor",6
"355435_318","Woman",1,4,4,"inactive",1,355435,125,6,"commun",1
"355435_813","Man",3,4,10,"plus",1,355435,40,3,"indiv_motor",4
"355435_1216","Man",4,3,10,"retired",2,355435,35,3,"commun",3
"672984_121","Woman",3,1,5,"inactive",3,672984,70,5,"indiv_no_motor",4
"672984_319","Woman",2,1,3,"minus",3,672984,155,6,"commun",5
"672984_1139","Man",1,4,1,"inactive",3,672984,100,6,"indiv_no_motor",1
"672984_39","Woman",2,1,3,"minus",3,672984,46,4,"indiv_no_motor",5
"672984_1241","Man",2,2,9,"plus",1,672984,31,3,"indiv_no_motor",4
"672984_1588","Man",4,1,7,"retired",3,672984,20,1,"indiv_motor",6
"672984_674","Woman",3,1,2,"inactive",3,672984,15,1,"indiv_motor",7
"672984_693","Woman",3,1,9,"minus",3,672984,21,2,"indiv_no_motor",4
"355435_369","Woman",2,1,2,"minus",3,355435,25,2,"indiv_motor",5
"355435_412","Woman",1,1,9,"inactive",3,355435,90,5,"indiv_no_motor",6
"355435_100","Woman",2,2,6,"minus",3,355435,45,4,"indiv_motor",6
"672984_1141","Woman",1,2,2,"minus",3,672984,30,2,"commun",7
"672984_473","Man",3,2,7,"plus",3,672984,150,6,"indiv_motor",5
"672984_120","Woman",2,2,8,"minus",3,672984,60,4,"indiv_motor",3
"672984_1782","Woman",1,3,1,"inactive",3,672984,30,2,"indiv_no_motor",5
"672984_22","Woman",2,4,9,"plus",3,672984,20,1,"indiv_motor",6
"672984_479","Man",1,4,8,"plus",3,672984,40,3,"indiv_motor",5
"672984_547","Woman",3,2,6,"plus",3,672984,45,4,"commun",3
"672984_1551","Woman",1,1,1,"inactive",3,672984,30,2,"indiv_no_motor",3
"672984_713","Woman",4,2,6,"retired",3,672984,15,1,"indiv_no_motor",3
"355435_103","Man",3,4,6,"plus",1,355435,47,4,"indiv_motor",3
"355435_1338","Man",4,1,5,"retired",3,355435,30,2,"indiv_motor",4
"672984_392","Man",3,1,1,"plus",3,672984,80,5,"indiv_no_motor",6
"672984_703","Woman",2,4,10,"plus",3,672984,20,1,"indiv_motor",2
"672984_669","Woman",3,1,7,"minus",3,672984,35,3,"indiv_motor",6
"355435_828","Woman",3,1,9,"minus",3,355435,35,3,"indiv_motor",3
"672984_280","Woman",3,3,5,"plus",3,672984,90,5,"indiv_no_motor",4
"672984_298","Woman",2,4,5,"plus",3,672984,4,1,"indiv_no_motor",1
"355435_1008","Man",4,2,9,"retired",2,355435,35,3,"indiv_motor",5
"672984_1270","Man",3,1,10,"plus",2,672984,65,5,"commun",5
"355435_1107","Woman",4,1,7,"retired",2,355435,45,4,"indiv_no_motor",4
"672984_172","Woman",1,1,2,"plus",2,672984,10,1,"indiv_no_motor",4
"355435_1348","Man",4,1,3,"retired",2,355435,30,2,"indiv_no_motor",4
"672984_642","Woman",2,4,7,"inactive",3,672984,40,3,"indiv_motor",5
"355435_969","Woman",3,4,5,"plus",3,355435,30,2,"indiv_motor",5
"672984_409","Woman",4,1,6,"retired",3,672984,8,1,"indiv_motor",4
"672984_665","Man",2,4,5,"minus",3,672984,75,5,"commun",4
"672984_150","Man",3,2,6,"plus",3,672984,50,4,"indiv_motor",4
"672984_89","Woman",2,2,5,"minus",3,672984,25,2,"indiv_motor",4
"672984_734","Woman",2,2,4,"plus",3,672984,50,4,"indiv_motor",5
"672984_955","Man",2,1,1,"inactive",1,672984,30,2,"indiv_motor",4
"355435_724","Man",3,1,3,"minus",1,355435,5,1,"indiv_no_motor",5
"672984_361","Woman",2,2,5,"plus",3,672984,45,4,"indiv_motor",5
"672984_1260","Man",3,1,2,"minus",3,672984,30,2,"commun",1
"672984_1155","Woman",3,1,2,"minus",3,672984,35,3,"commun",4
"672984_315","Woman",2,4,6,"inactive",3,672984,60,4,"commun",6
"672984_631","Man",3,2,10,"plus",3,672984,65,5,"indiv_motor",5
"355435_603","Woman",3,2,10,"minus",3,355435,35,3,"indiv_motor",5
"672984_1169","Woman",3,2,3,"plus",3,672984,40,3,"indiv_no_motor",5
"672984_483","Woman",3,2,7,"plus",3,672984,20,1,"indiv_no_motor",4
"672984_261","Woman",4,1,3,"plus",3,672984,65,5,"commun",4
"355435_1133","Man",4,2,10,"retired",2,355435,90,5,"indiv_motor",2
"672984_896","Man",3,4,10,"plus",2,672984,105,6,"indiv_no_motor",3
"355435_1123","Woman",4,1,6,"retired",2,355435,20,1,"commun",5
"355435_1289","Woman",4,1,3,"retired",2,355435,30,2,"indiv_no_motor",3
"672984_1095","Woman",1,4,4,"plus",2,672984,25,2,"indiv_no_motor",3
"672984_797","Woman",1,4,9,"minus",2,672984,30,2,"commun",5
"672984_1050","Woman",1,4,1,"inactive",1,672984,80,5,"commun",6
"355435_342","Woman",2,1,6,"plus",1,355435,30,2,"indiv_motor",4
"672984_1170","Woman",1,4,2,"inactive",1,672984,40,3,"commun",7
"355435_871","Man",3,4,10,"plus",1,355435,90,5,"commun",3
"672984_498","Woman",2,1,4,"minus",3,672984,25,2,"indiv_motor",4
"672984_621","Woman",2,2,7,"minus",3,672984,20,1,"indiv_motor",2
"672984_236","Man",4,4,8,"retired",3,672984,35,3,"indiv_motor",7
"672984_1218","Woman",2,1,3,"inactive",3,672984,45,4,"indiv_motor",4
"672984_36","Man",2,2,4,"minus",3,672984,25,2,"indiv_motor",5
"672984_343","Woman",2,1,8,"minus",3,672984,75,5,"indiv_no_motor",6
"672984_739","Woman",2,2,8,"plus",3,672984,45,4,"indiv_motor",5
"672984_384","Woman",4,4,6,"retired",3,672984,20,1,"commun",5
"355435_1477","Woman",2,2,2,"minus",3,355435,180,6,"indiv_motor",6
"355435_1563","Woman",2,2,6,"plus",3,355435,60,4,"commun",5
"672984_369","Woman",2,4,5,"minus",3,672984,70,5,"indiv_no_motor",5
"355435_77","Woman",4,1,3,"minus",3,355435,20,1,"indiv_motor",4
"355435_178","Woman",3,4,8,"inactive",3,355435,75,5,"commun",6
"355435_502","Woman",2,1,6,"inactive",3,355435,20,1,"indiv_no_motor",3
"672984_767","Man",2,4,7,"minus",3,672984,25,2,"indiv_motor",2
"672984_790","Woman",3,2,1,"plus",3,672984,15,1,"commun",7
"672984_951","Woman",1,1,2,"plus",3,672984,14,1,"commun",4
"672984_1123","Woman",1,2,7,"minus",1,672984,10,1,"indiv_no_motor",1
"355435_912","Man",2,4,8,"plus",1,355435,15,1,"indiv_motor",4
"672984_1031","Man",3,3,3,"minus",1,672984,35,3,"commun",4
"672984_323","Woman",2,2,8,"minus",3,672984,20,1,"indiv_motor",5
"355435_463","Woman",2,1,5,"plus",2,355435,105,6,"indiv_no_motor",4
"355435_462","Woman",1,1,6,"inactive",2,355435,20,1,"indiv_motor",2
"355435_22","Woman",1,1,6,"inactive",2,355435,5,1,"indiv_motor",2
"355435_365","Woman",2,2,7,"plus",2,355435,50,4,"commun",4
"355435_1012","Woman",4,3,1,"retired",2,355435,5,1,"indiv_no_motor",5
"672984_1100","Man",3,1,3,"minus",2,672984,30,2,"indiv_motor",4
"672984_1203","Man",3,4,8,"plus",2,672984,15,1,"indiv_motor",6
"355435_1204","Man",4,4,6,"retired",2,355435,NA,6,"indiv_no_motor",5
"355435_844","Man",3,4,7,"plus",2,355435,30,2,"indiv_motor",5
"355435_855","Man",3,4,4,"plus",2,355435,10,1,"indiv_no_motor",5
"672984_1184","Man",1,4,1,"inactive",2,672984,20,1,"commun",4
"672984_413","Woman",4,4,9,"retired",3,672984,25,2,"indiv_motor",3
"355435_646","Woman",3,NA,NA,"minus",3,355435,95,6,"commun",NA
"355435_602","Man",4,2,8,"retired",3,355435,35,3,"indiv_motor",5
"672984_566","Man",2,2,9,"plus",3,672984,60,4,"indiv_motor",5
"672984_1102","Man",2,2,4,"minus",1,672984,60,4,"indiv_no_motor",5
"672984_1023","Woman",1,2,2,"minus",1,672984,30,2,"commun",4
"355435_1227","Woman",4,4,4,"retired",1,355435,NA,6,"commun",4
"355435_972","Man",3,4,3,"plus",1,355435,5,1,"indiv_motor",5
"355435_52","Woman",3,2,3,"minus",3,355435,15,1,"indiv_no_motor",4
"355435_315","Man",4,1,7,"retired",3,355435,160,6,"indiv_motor",7
"355435_131","Woman",1,2,6,"minus",3,355435,42,4,"indiv_motor",4
"355435_677","Woman",3,2,3,"plus",3,355435,60,4,"indiv_motor",5
"355435_639","Man",4,2,5,"retired",3,355435,100,6,"indiv_motor",5
"672984_1231","Man",2,2,6,"plus",2,672984,NA,6,"indiv_no_motor",6
"355435_1088","Woman",4,1,5,"retired",2,355435,20,1,"indiv_motor",6
"672984_981","Man",3,1,6,"plus",2,672984,30,2,"indiv_motor",4
"355435_887","Man",2,1,9,"minus",1,355435,9,1,"indiv_motor",4
"672984_941","Woman",1,1,6,"plus",2,672984,15,1,"indiv_motor",6
"355435_1341","Man",4,2,5,"retired",2,355435,37,3,"indiv_motor",5
"355435_998","Man",4,4,4,"retired",2,355435,10,1,"indiv_motor",3
"672984_1253","Man",2,2,8,"plus",2,672984,25,2,"indiv_motor",7
"355435_1173","Man",4,4,7,"retired",2,355435,10,1,"indiv_motor",4
"355435_562","Woman",1,1,7,"minus",3,355435,55,4,"indiv_motor",3
"672984_175","Man",3,4,6,"plus",3,672984,65,5,"indiv_motor",3
"355435_1523","Woman",1,1,2,"minus",3,355435,35,3,"indiv_motor",2
"355435_114","Woman",2,4,8,"minus",3,355435,75,5,"indiv_motor",6
"355435_524","Woman",2,2,5,"minus",NA,355435,20,1,"commun",4
"355435_374","Woman",1,2,3,"minus",NA,355435,60,4,"commun",4
"355435_239","Man",4,2,1,"retired",NA,355435,30,2,"indiv_no_motor",6
"355435_328","Man",2,2,8,"minus",NA,355435,70,5,"indiv_motor",5
"355435_427","Woman",4,2,3,"retired",NA,355435,15,1,"indiv_motor",4
"355435_1564","Woman",1,1,2,"minus",NA,355435,60,4,"indiv_motor",7
"355435_115","Woman",4,4,3,"retired",NA,355435,45,4,"indiv_no_motor",6
"355435_520","Woman",2,4,2,"inactive",NA,355435,10,1,"indiv_motor",3
"355435_387","Woman",4,1,4,"retired",NA,355435,45,4,"commun",5
"355435_413","Woman",3,4,9,"plus",NA,355435,95,6,"indiv_motor",3
"355435_30","Woman",4,2,8,"retired",NA,355435,50,4,"commun",2
"355435_247","Man",4,2,5,"plus",NA,355435,100,6,"indiv_motor",5
"355435_279","Woman",3,2,9,"plus",NA,355435,100,6,"indiv_motor",4
"355435_348","Woman",3,2,5,"plus",NA,355435,20,1,"indiv_motor",1
"355435_213","Woman",1,4,5,"plus",NA,355435,65,5,"commun",1
"355435_182","Man",3,1,10,"plus",NA,355435,60,4,"indiv_motor",6
"355435_1007","Woman",1,1,5,"inactive",NA,355435,50,4,"commun",4
"355435_47","Woman",2,1,2,"minus",NA,355435,105,6,"indiv_no_motor",1
"355435_354","Woman",4,1,3,"retired",NA,355435,10,1,"indiv_motor",1
"355435_324","Woman",2,4,8,"plus",NA,355435,15,1,"indiv_motor",5
"355435_449","Woman",4,4,4,"retired",NA,355435,20,1,"indiv_motor",5
"355435_356","Woman",2,1,3,"minus",NA,355435,45,4,"indiv_motor",3
"672984_933","Man",3,3,1,"inactive",1,672984,NA,6,"indiv_no_motor",5
"355435_95","Man",4,4,8,"retired",3,355435,15,1,"indiv_motor",5
"672984_853","Man",3,2,5,"plus",3,672984,30,2,"indiv_no_motor",4
"355435_1201","Woman",4,4,9,"retired",3,355435,40,3,"indiv_motor",5
"355435_1179","Woman",2,1,3,"minus",1,355435,40,3,"indiv_motor",3
"355435_1860","Woman",1,1,8,"minus",3,355435,45,4,"indiv_motor",4
"672984_1261","Man",3,3,7,"retired",3,672984,10,1,"indiv_motor",5
"672984_1248","Man",2,4,6,"plus",3,672984,30,2,"indiv_no_motor",7
"355435_378","Woman",3,1,1,"minus",3,355435,135,6,"indiv_motor",5
"355435_375","Man",4,1,5,"retired",3,355435,45,4,"indiv_motor",4
"355435_1810","Woman",1,2,3,"plus",1,355435,10,1,"indiv_no_motor",5
"355435_983","Man",1,3,1,"inactive",1,355435,10,1,"indiv_no_motor",6
"355435_1398","Woman",1,4,1,"inactive",1,355435,50,4,"commun",4
"355435_1789","Woman",2,2,6,"plus",1,355435,37,3,"indiv_motor",4
"355435_1140","Woman",1,3,1,"inactive",1,355435,15,1,"indiv_no_motor",4
"672984_342","Man",3,1,3,"minus",3,672984,20,1,"indiv_motor",4
"355435_16","Woman",4,4,2,"retired",3,355435,70,5,"indiv_motor",5
"355435_564","Woman",2,4,5,"minus",3,355435,180,6,"indiv_motor",4
"355435_252","Woman",3,2,5,"minus",3,355435,30,2,"indiv_motor",5
"355435_483","Woman",3,2,6,"plus",3,355435,70,5,"indiv_motor",3
"355435_665","Woman",1,1,4,"minus",3,355435,35,3,"indiv_motor",3
"672984_568","Man",2,4,5,"plus",1,672984,25,2,"indiv_no_motor",5
"355435_261","Woman",3,4,9,"plus",2,355435,90,5,"indiv_motor",4
"355435_1159","Woman",1,1,4,"inactive",2,355435,5,1,"indiv_motor",7
"355435_693","Man",4,1,5,"retired",3,355435,30,2,"indiv_motor",7
"355435_1296","Woman",2,1,2,"minus",2,355435,15,1,"indiv_motor",1
"355435_13","Woman",1,4,6,"plus",3,355435,100,6,"indiv_motor",3
"355435_1538","Woman",2,2,6,"plus",3,355435,70,5,"indiv_motor",4
"355435_572","Woman",2,1,6,"minus",3,355435,110,6,"indiv_motor",4
"355435_1732","Woman",2,1,3,"minus",3,355435,90,5,"indiv_motor",4
"672984_938","Man",1,2,8,"minus",1,672984,40,3,"indiv_motor",4
"672984_538","Man",3,4,1,"minus",1,672984,15,1,"indiv_motor",7
"672984_639","Woman",3,2,8,"minus",1,672984,30,2,"indiv_motor",5
"672984_37","Man",2,3,9,"minus",1,672984,30,2,"indiv_no_motor",4
"355435_554","Woman",2,1,5,"minus",3,355435,50,4,"indiv_motor",5
"672984_514","Man",3,1,2,"minus",1,672984,15,1,"indiv_no_motor",1
"672984_932","Woman",4,1,2,"retired",1,672984,80,5,"indiv_no_motor",6
"672984_70","Woman",1,1,5,"minus",1,672984,10,1,"commun",3
"672984_555","Woman",2,1,5,"minus",1,672984,30,2,"indiv_motor",7
"672984_309","Man",2,2,6,"plus",1,672984,40,3,"indiv_motor",6
"672984_664","Woman",2,2,10,"minus",1,672984,42,4,"indiv_no_motor",5
"355435_681","Woman",4,1,8,"retired",1,355435,40,3,"indiv_motor",5
"355435_638","Man",3,2,3,"plus",1,355435,70,5,"commun",1
"672984_778","Woman",1,1,9,"inactive",3,672984,15,1,"indiv_motor",5
"355435_241","Woman",1,2,8,"minus",3,355435,15,1,"indiv_motor",2
"355435_15","Woman",1,1,3,"minus",3,355435,35,3,"indiv_motor",4
"355435_224","Woman",2,2,8,"plus",3,355435,90,5,"indiv_motor",4
"355435_1795","Woman",2,1,7,"minus",1,355435,50,4,"indiv_no_motor",5
"355435_1806","Woman",2,2,6,"minus",1,355435,50,4,"indiv_motor",5
"355435_1688","Woman",1,2,7,"minus",1,355435,10,1,"indiv_motor",3
"355435_1800","Woman",2,2,4,"inactive",1,355435,35,3,"indiv_motor",5
"355435_409","Man",4,2,5,"retired",1,355435,55,4,"indiv_no_motor",4
"355435_1657","Woman",2,1,4,"minus",3,355435,25,2,"indiv_motor",6
"355435_557","Woman",3,1,4,"minus",1,355435,5,1,"indiv_motor",5
"355435_1388","Woman",1,1,4,"minus",1,355435,60,4,"indiv_no_motor",7
"355435_227","Man",4,1,4,"retired",1,355435,25,2,"indiv_motor",7
"355435_211","Man",4,2,2,"plus",1,355435,15,1,"indiv_motor",5
"355435_31","Man",2,2,1,"inactive",1,355435,140,6,"indiv_no_motor",6
"355435_396","Woman",2,2,2,"inactive",1,355435,15,1,"indiv_motor",5
"355435_19","Woman",4,4,7,"retired",1,355435,30,2,"indiv_no_motor",4
"355435_26","Woman",2,1,2,"inactive",2,355435,135,6,"indiv_no_motor",6
"355435_1748","Woman",2,2,8,"minus",2,355435,NA,6,"indiv_motor",4
"355435_1799","Woman",2,1,7,"inactive",2,355435,20,1,"indiv_motor",4
"355435_1309","Woman",2,1,6,"minus",3,355435,60,4,"indiv_motor",4
"355435_683","Woman",4,1,3,"minus",2,355435,40,3,"indiv_motor",6
"355435_302","Woman",4,1,2,"retired",1,355435,60,4,"commun",4
"355435_200","Man",4,2,4,"retired",1,355435,60,4,"indiv_motor",7
"672984_1064","Woman",1,4,9,"plus",NA,672984,100,6,"commun",4
"672984_907","Woman",1,4,6,"inactive",3,672984,30,2,"indiv_motor",5
"355435_1730","Woman",2,1,6,"minus",3,355435,40,3,"indiv_motor",5
"355435_519","Man",2,2,8,"plus",3,355435,67,5,"indiv_motor",5
"355435_1845","Woman",2,1,5,"inactive",3,355435,14,1,"indiv_motor",4
"355435_1868","Woman",2,1,4,"inactive",NA,355435,20,1,"indiv_motor",4
"355435_9","Woman",3,2,6,"plus",NA,355435,40,3,"commun",3
"355435_1591","Woman",2,2,5,"minus",NA,355435,15,1,"indiv_motor",2
"355435_468","Woman",2,2,7,"minus",NA,355435,85,5,"indiv_motor",4
"672984_312","Woman",2,2,8,"minus",NA,672984,35,3,"indiv_motor",5
"355435_436","Woman",2,2,8,"plus",NA,355435,45,4,"indiv_motor",5
"355435_404","Man",3,4,7,"plus",NA,355435,NA,6,"indiv_motor",5
"672984_752","Woman",2,4,8,"plus",NA,672984,45,4,"indiv_motor",4
"355435_525","Woman",2,1,2,"minus",NA,355435,60,4,"indiv_motor",4
"672984_191","Woman",4,1,9,"retired",NA,672984,5,1,"indiv_no_motor",6
"672984_1536","Woman",4,4,6,"retired",NA,672984,20,1,"commun",5
"355435_550","Woman",3,1,9,"plus",NA,355435,120,6,"commun",7
"355435_1774","Woman",2,1,1,"inactive",NA,355435,31,3,"indiv_no_motor",5
"355435_96","Woman",3,4,1,"inactive",NA,355435,NA,6,"indiv_no_motor",3
"355435_869","Man",3,2,10,"plus",NA,355435,45,4,"indiv_motor",7
"355435_18","Woman",4,1,1,"retired",NA,355435,10,1,"indiv_motor",7
"355435_469","Man",4,2,9,"inactive",NA,355435,60,4,"indiv_no_motor",6
"355435_1746","Woman",1,1,1,"minus",NA,355435,90,5,"indiv_motor",6
"355435_40","Man",3,4,2,"plus",NA,355435,25,2,"indiv_no_motor",7
"355435_503","Woman",2,4,4,"plus",NA,355435,125,6,"indiv_motor",3
"355435_251","Woman",3,1,5,"minus",NA,355435,NA,6,"indiv_motor",3
"355435_1857","Woman",2,1,1,"minus",NA,355435,60,4,"indiv_motor",1
"355435_220","Man",3,1,6,"minus",NA,355435,30,2,"indiv_motor",6
"355435_225","Woman",3,1,1,"inactive",NA,355435,20,1,"indiv_motor",2
"355435_54","Man",3,2,1,"inactive",NA,355435,15,1,"commun",7
"355435_671","Man",2,3,9,"plus",NA,355435,60,4,"indiv_motor",4
"355435_481","Man",3,2,4,"minus",NA,355435,NA,6,"indiv_no_motor",5
"672984_307","Man",3,4,9,"plus",NA,672984,10,1,"indiv_motor",6
"355435_490","Man",3,4,5,"plus",NA,355435,30,2,"indiv_motor",3
"672984_16","Woman",2,1,7,"minus",NA,672984,45,4,"indiv_motor",5
"355435_206","Man",2,4,3,"plus",NA,355435,20,1,"indiv_motor",4
"355435_86","Woman",2,4,10,"plus",NA,355435,70,5,"indiv_no_motor",6
"355435_1887","Woman",1,1,1,"inactive",NA,355435,30,2,"commun",5
"355435_38","Man",4,4,8,"plus",NA,355435,45,4,"indiv_no_motor",7
"355435_45","Woman",3,2,4,"minus",NA,355435,25,2,"indiv_motor",2
"355435_539","Woman",2,1,7,"plus",NA,355435,45,4,"indiv_no_motor",3
"355435_1673","Woman",2,1,2,"inactive",NA,355435,20,1,"indiv_no_motor",6
"672984_1239","Man",3,1,3,"minus",NA,672984,120,6,"indiv_motor",6
"355435_417","Man",4,1,4,"inactive",NA,355435,10,1,"indiv_motor",6
"355435_171","Woman",4,2,9,"retired",NA,355435,20,1,"indiv_motor",5
"355435_123","Man",2,4,7,"minus",NA,355435,60,4,"indiv_no_motor",5
"355435_1118","Woman",4,1,6,"retired",NA,355435,0,1,"indiv_motor",3
"355435_165","Woman",3,4,3,"plus",NA,355435,25,2,"indiv_motor",5
"355435_73","Man",3,1,5,"retired",NA,355435,35,3,"indiv_no_motor",3
"355435_89","Woman",3,4,5,"plus",NA,355435,65,5,"commun",7
"355435_119","Woman",2,2,8,"minus",NA,355435,65,5,"indiv_no_motor",5
"355435_270","Woman",4,4,8,"plus",NA,355435,150,6,"commun",7
"355435_441","Woman",3,1,1,"minus",NA,355435,35,3,"indiv_no_motor",5
"672984_331","Man",2,1,3,"minus",NA,672984,NA,6,"indiv_motor",4
"355435_588","Woman",2,2,7,"minus",NA,355435,30,2,"indiv_no_motor",6
"355435_696","Man",4,2,8,"plus",NA,355435,90,5,"indiv_no_motor",4
"355435_445","Woman",4,2,7,"plus",NA,355435,80,5,"indiv_motor",5
"355435_968","Man",3,1,8,"minus",NA,355435,70,5,"indiv_motor",5
"355435_474","Man",4,1,3,"retired",NA,355435,20,1,"indiv_no_motor",7
"355435_275","Man",2,4,3,"plus",NA,355435,50,4,"indiv_motor",6
"355435_423","Woman",4,2,10,"retired",NA,355435,25,2,"indiv_no_motor",5
